,date,rate,usd,gdp,processing_idx,oil,steel
0,2015-01-01,,,18467.912804445743,103.0,55.84,
1,2015-01-02,,,,,56.42,979.56
2,2015-01-03,,,,,,
3,2015-01-04,,,,,,
4,2015-01-05,,,,,53.11,939.91
5,2015-01-06,,,,,51.1,942.83
6,2015-01-07,,,,,51.15,956.86
7,2015-01-08,,,,,50.96,971.15
8,2015-01-09,,,,,50.11,959.61
9,2015-01-10,,,,,,
10,2015-01-11,,,,,,
11,2015-01-12,,,,,47.43,940.33
12,2015-01-13,,,,,46.59,926.74
13,2015-01-14,,,,,48.69,898.68
14,2015-01-15,,,,,47.67,894.77
15,2015-01-16,,,,,50.17,917.05
16,2015-01-17,,,,,,
17,2015-01-18,,,,,,
18,2015-01-19,,,,,48.84,
19,2015-01-20,,,,,47.99,913.33
20,2015-01-21,,,,,49.03,929.35
21,2015-01-22,,,,,48.52,940.83
22,2015-01-23,,,,,48.79,896.59
23,2015-01-24,,,,,,
24,2015-01-25,,,,,,
25,2015-01-26,,,,,48.16,901.7
26,2015-01-27,,,,,49.6,900.4
27,2015-01-28,,,,,48.47,886.17
28,2015-01-29,,,,,49.13,879.14
29,2015-01-30,,,,,52.99,883.12
30,2015-01-31,,,,,,
31,2015-02-01,,,,102.9,,
32,2015-02-02,15.0,,,,54.75,900.53
33,2015-02-03,,,,,57.91,941.22
34,2015-02-04,,,,,54.16,918.11
35,2015-02-05,,,,,56.57,936.34
36,2015-02-06,,,,,57.8,926.28
37,2015-02-07,,,,,,
38,2015-02-08,,,,,,
39,2015-02-09,,,,,58.34,946.09
40,2015-02-10,,,,,56.43,926.62
41,2015-02-11,,,,,54.66,926.83
42,2015-02-12,,,,,57.05,951.82
43,2015-02-13,,,,,61.52,980.19
44,2015-02-14,,,,,,
45,2015-02-15,,,,,,
46,2015-02-16,,,,,61.4,
47,2015-02-17,,,,,62.53,972.43
48,2015-02-18,,,,,60.53,970.41
49,2015-02-19,,,,,60.21,964.94
50,2015-02-20,,,,,60.22,974.12
51,2015-02-21,,,,,,
52,2015-02-22,,,,,,
53,2015-02-23,,,,,58.9,951.28
54,2015-02-24,,,,,58.66,967.71
55,2015-02-25,,,,,61.63,961.71
56,2015-02-26,,,,,60.05,949.97
57,2015-02-27,,,,,62.58,948.91
58,2015-02-28,,,,,,
59,2015-03-01,,,,103.6,,
60,2015-03-02,,,,,59.54,938.62
61,2015-03-03,,,,,61.02,936.91
62,2015-03-04,,,,,60.55,924.9
63,2015-03-05,,61.8745,,,60.48,918.43
64,2015-03-06,,61.8457,,,59.73,898.5
65,2015-03-07,,59.9938,,,,
66,2015-03-08,,,,,,
67,2015-03-09,,,,,58.53,893.21
68,2015-03-10,,,,,56.39,870.01
69,2015-03-11,,60.6649,,,57.54,873.02
70,2015-03-12,,62.6797,,,57.08,880.47
71,2015-03-13,,60.9595,,,54.67,860.26
72,2015-03-14,,61.3167,,,,
73,2015-03-15,,,,,,
74,2015-03-16,14.0,,,,53.44,859.06
75,2015-03-17,,62.1497,,,53.51,868.53
76,2015-03-18,,61.751,,,55.91,893.68
77,2015-03-19,,61.3483,,,54.43,862.35
78,2015-03-20,,59.8308,,,55.32,887.53
79,2015-03-21,,60.0341,,,,
80,2015-03-22,,,,,,
81,2015-03-23,,,,,55.92,907.61
82,2015-03-24,,59.4452,,,55.11,899.49
83,2015-03-25,,58.771,,,56.48,894.57
84,2015-03-26,,57.3879,,,59.19,881.14
85,2015-03-27,,56.4271,,,56.41,861.27
86,2015-03-28,,57.7279,,,,
87,2015-03-29,,,,,,
88,2015-03-30,,,,,56.29,878.56
89,2015-03-31,,58.4643,,,55.11,865.05
90,2015-04-01,,57.65,19751.014987984385,101.4,57.1,857.21
91,2015-04-02,,58.3536,,,54.95,869.21
92,2015-04-03,,56.9902,,,54.7,
93,2015-04-04,,56.7534,,,,
94,2015-04-05,,,,,,
95,2015-04-06,,,,,58.12,877.5
96,2015-04-07,,56.5161,,,59.1,887.03
97,2015-04-08,,55.3328,,,55.55,887.7
98,2015-04-09,,54.027,,,56.57,890.65
99,2015-04-10,,52.5424,,,57.87,888.05
100,2015-04-11,,51.0678,,,,
101,2015-04-12,,,,,,
102,2015-04-13,,,,,57.93,878.67
103,2015-04-14,,52.422,,,58.43,904.74
104,2015-04-15,,51.9749,,,60.32,923.95
105,2015-04-16,,50.5033,,,63.98,907.46
106,2015-04-17,,49.6749,,,63.45,890.81
107,2015-04-18,,50.5295,,,,
108,2015-04-19,,,,,,
109,2015-04-20,,,,,63.45,898.33
110,2015-04-21,,51.5207,,,62.08,895.55
111,2015-04-22,,53.9728,,,62.73,918.24
112,2015-04-23,,53.6555,,,64.85,959.72
113,2015-04-24,,51.6011,,,65.28,981.81
114,2015-04-25,,50.2473,,,,
115,2015-04-26,,,,,,
116,2015-04-27,,,,,64.83,989.08
117,2015-04-28,,51.469,,,64.64,994.98
118,2015-04-29,,52.3041,,,65.84,967.78
119,2015-04-30,,51.7029,,,66.78,975.27
120,2015-05-01,,51.1388,,99.6,66.46,988.96
121,2015-05-02,,,,,,
122,2015-05-03,,,,,,
123,2015-05-04,,,,,66.45,994.17
124,2015-05-05,12.5,,,,67.52,1013.38
125,2015-05-06,,51.7574,,,67.77,996.62
126,2015-05-07,,49.9816,,,65.54,980.04
127,2015-05-08,,50.3615,,,65.39,984.45
128,2015-05-09,,50.7511,,,,
129,2015-05-10,,,,,,
130,2015-05-11,,,,,64.91,991.58
131,2015-05-12,,,,,66.86,983.29
132,2015-05-13,,50.914,,,66.81,979.3
133,2015-05-14,,49.5366,,,66.59,987.36
134,2015-05-15,,50.0774,,,66.81,984.18
135,2015-05-16,,50.0115,,,,
136,2015-05-17,,,,,,
137,2015-05-18,,,,,66.27,964.4
138,2015-05-19,,49.2175,,,64.02,941.74
139,2015-05-20,,49.1777,,,65.03,949.08
140,2015-05-21,,49.7919,,,66.54,943.05
141,2015-05-22,,49.9204,,,65.37,941.94
142,2015-05-23,,49.7901,,,,
143,2015-05-24,,,,,,
144,2015-05-25,,,,,65.52,
145,2015-05-26,,49.8613,,,63.72,921.08
146,2015-05-27,,50.3223,,,62.06,927.3
147,2015-05-28,,51.0178,,,62.58,917.57
148,2015-05-29,,52.2907,,,65.56,907.56
149,2015-05-30,,52.9716,,,,
150,2015-05-31,,,,,,
151,2015-06-01,,,,100.5,64.88,901.33
152,2015-06-02,,52.8213,,,65.49,937.9
153,2015-06-03,,53.4413,,,63.8,934.01
154,2015-06-04,,53.059,,,62.03,919.69
155,2015-06-05,,54.9908,,,63.31,912.39
156,2015-06-06,,56.2463,,,,
157,2015-06-07,,,,,,
158,2015-06-08,,,,,62.69,903.26
159,2015-06-09,,56.0435,,,64.88,903.25
160,2015-06-10,,55.91,,,65.7,922.31
161,2015-06-11,,54.8219,,,65.11,921.64
162,2015-06-12,,54.5285,,,63.87,916.61
163,2015-06-13,,,,,,
164,2015-06-14,,,,,,
165,2015-06-15,,,,,62.61,896.36
166,2015-06-16,11.5,55.2679,,,63.7,892.83
167,2015-06-17,,54.0409,,,63.87,890.08
168,2015-06-18,,53.8999,,,64.26,899.31
169,2015-06-19,,53.3301,,,63.02,888.64
170,2015-06-20,,53.8006,,,,
171,2015-06-21,,,,,,
172,2015-06-22,,,,,63.34,888.78
173,2015-06-23,,53.5569,,,64.45,898.68
174,2015-06-24,,54.2081,,,63.49,888.86
175,2015-06-25,,54.0746,,,63.2,876.25
176,2015-06-26,,54.6026,,,63.26,877.16
177,2015-06-27,,54.8126,,,,
178,2015-06-28,,,,,,
179,2015-06-29,,,,,62.01,855.43
180,2015-06-30,,55.524,,,63.59,835.55
181,2015-07-01,,55.8413,21788.589405104605,101.8,62.01,830.21
182,2015-07-02,,55.4756,,,62.07,827.24
183,2015-07-03,,55.6555,,,60.32,
184,2015-07-04,,55.6049,,,,
185,2015-07-05,,,,,,
186,2015-07-06,,,,,56.54,803.91
187,2015-07-07,,56.4112,,,56.85,801.27
188,2015-07-08,,57.2192,,,57.05,769.51
189,2015-07-09,,57.2174,,,58.61,773.15
190,2015-07-10,,56.9803,,,58.73,781.66
191,2015-07-11,,56.6685,,,,
192,2015-07-12,,,,,,
193,2015-07-13,,,,,57.85,810.69
194,2015-07-14,,56.6079,,,58.51,801.42
195,2015-07-15,,56.9774,,,57.05,779.0
196,2015-07-16,,56.6642,,,57.51,778.08
197,2015-07-17,,56.9504,,,57.1,762.53
198,2015-07-18,,56.8423,,,,
199,2015-07-19,,,,,,
200,2015-07-20,,,,,56.65,750.78
201,2015-07-21,,56.8336,,,57.04,753.93
202,2015-07-22,,57.0025,,,56.13,735.4
203,2015-07-23,,57.0232,,,55.27,735.89
204,2015-07-24,,57.3578,,,54.62,714.09
205,2015-07-25,,58.0374,,,,
206,2015-07-26,,,,,,
207,2015-07-27,,,,,53.47,710.75
208,2015-07-28,,58.7816,,,53.3,739.39
209,2015-07-29,,60.2231,,,53.38,760.08
210,2015-07-30,,59.7665,,,53.31,743.09
211,2015-07-31,,58.9906,,,52.21,739.78
212,2015-08-01,,60.3458,,100.6,,
213,2015-08-02,,,,,,
214,2015-08-03,11.0,,,,49.52,731.61
215,2015-08-04,,62.4677,,,49.99,738.77
216,2015-08-05,,62.9182,,,49.59,746.94
217,2015-08-06,,62.7184,,,49.52,763.21
218,2015-08-07,,63.8644,,,48.61,747.04
219,2015-08-08,,63.8399,,,,
220,2015-08-09,,,,,,
221,2015-08-10,,,,,50.41,779.51
222,2015-08-11,,64.4977,,,49.18,747.45
223,2015-08-12,,63.2098,,,49.66,742.33
224,2015-08-13,,65.0169,,,49.22,725.39
225,2015-08-14,,63.9988,,,49.03,732.19
226,2015-08-15,,64.9363,,,,
227,2015-08-16,,,,,,
228,2015-08-17,,,,,48.74,731.99
229,2015-08-18,,65.5034,,,48.81,720.49
230,2015-08-19,,65.8289,,,47.16,700.96
231,2015-08-20,,65.7222,,,46.62,692.76
232,2015-08-21,,66.9608,,,45.46,670.24
233,2015-08-22,,68.1216,,,,
234,2015-08-23,,,,,,
235,2015-08-24,,,,,42.69,633.85
236,2015-08-25,,70.7465,,,43.21,625.76
237,2015-08-26,,69.9461,,,43.14,643.0
238,2015-08-27,,69.3142,,,47.56,690.85
239,2015-08-28,,67.4473,,,50.05,689.86
240,2015-08-29,,66.4779,,,,
241,2015-08-30,,,,,,
242,2015-08-31,,,,,54.15,694.35
243,2015-09-01,,66.7152,,100.8,49.56,665.42
244,2015-09-02,,65.3495,,,50.5,681.27
245,2015-09-03,,66.6756,,,50.68,684.18
246,2015-09-04,,67.0102,,,49.61,660.34
247,2015-09-05,,67.685,,,,
248,2015-09-06,,,,,,
249,2015-09-07,,,,,47.63,
250,2015-09-08,,68.4864,,,49.52,682.93
251,2015-09-09,,68.7932,,,47.58,678.54
252,2015-09-10,,67.6219,,,48.89,684.88
253,2015-09-11,,68.4961,,,48.14,681.75
254,2015-09-12,,68.0093,,,,
255,2015-09-13,,,,,,
256,2015-09-14,,,,,46.37,668.15
257,2015-09-15,,67.9571,,,46.63,666.44
258,2015-09-16,,67.1574,,,49.75,681.98
259,2015-09-17,,65.9273,,,49.08,681.04
260,2015-09-18,,65.3623,,,47.47,658.98
261,2015-09-19,,65.6445,,,,
262,2015-09-20,,,,,,
263,2015-09-21,,,,,48.92,654.4
264,2015-09-22,,66.1455,,,49.08,626.11
265,2015-09-23,,66.1747,,,47.75,605.18
266,2015-09-24,,66.041,,,48.17,617.95
267,2015-09-25,,66.5151,,,48.6,605.23
268,2015-09-26,,65.6727,,,,
269,2015-09-27,,,,,,
270,2015-09-28,,,,,47.34,578.2
271,2015-09-29,,65.547,,,48.23,581.35
272,2015-09-30,,66.2367,,,48.37,588.86
273,2015-10-01,,65.7364,23079.84285734228,100.6,47.69,590.53
274,2015-10-02,,65.0336,,,48.13,613.45
275,2015-10-03,,65.9414,,,,
276,2015-10-04,,,,,,
277,2015-10-05,,,,,49.25,640.41
278,2015-10-06,,65.6248,,,51.92,653.17
279,2015-10-07,,65.0962,,,51.33,679.76
280,2015-10-08,,62.7061,,,53.05,696.91
281,2015-10-09,,62.2942,,,52.65,713.47
282,2015-10-10,,61.2967,,,,
283,2015-10-11,,,,,,
284,2015-10-12,,,,,49.86,695.71
285,2015-10-13,,61.1535,,,49.24,680.24
286,2015-10-14,,62.2237,,,49.15,688.94
287,2015-10-15,,63.1248,,,48.71,702.37
288,2015-10-16,,62.2433,,,50.46,689.47
289,2015-10-17,,61.3587,,,,
290,2015-10-18,,,,,,
291,2015-10-19,,,,,48.61,667.3
292,2015-10-20,,61.4419,,,48.71,652.02
293,2015-10-21,,62.162,,,47.85,644.27
294,2015-10-22,,62.6309,,,48.08,666.05
295,2015-10-23,,62.7888,,,47.99,669.58
296,2015-10-24,,61.9286,,,,
297,2015-10-25,,,,,,
298,2015-10-26,,,,,47.54,653.77
299,2015-10-27,,62.5038,,,46.81,642.16
300,2015-10-28,,63.5004,,,49.05,648.55
301,2015-10-29,,65.3159,,,48.8,637.03
302,2015-10-30,,64.1686,,,49.56,645.59
303,2015-10-31,,64.3742,,,,
304,2015-11-01,,,,99.3,,
305,2015-11-02,,,,,48.79,662.82
306,2015-11-03,,63.7993,,,50.54,673.82
307,2015-11-04,,63.8525,,,48.58,663.47
308,2015-11-05,,,,,47.98,646.83
309,2015-11-06,,63.3991,,,47.42,640.78
310,2015-11-07,,63.6832,,,,
311,2015-11-08,,,,,,
312,2015-11-09,,,,,47.19,631.42
313,2015-11-10,,64.6606,,,47.44,632.29
314,2015-11-11,,64.3908,,,45.81,626.98
315,2015-11-12,,64.5693,,,44.06,607.76
316,2015-11-13,,65.4541,,,43.61,608.87
317,2015-11-14,,66.6343,,,,
318,2015-11-15,,,,,,
319,2015-11-16,,,,,44.56,611.95
320,2015-11-17,,66.4607,,,43.57,598.99
321,2015-11-18,,65.4799,,,44.14,622.64
322,2015-11-19,,64.7785,,,44.18,625.86
323,2015-11-20,,64.912,,,44.66,615.54
324,2015-11-21,,64.8673,,,,
325,2015-11-22,,,,,,
326,2015-11-23,,,,,44.83,606.39
327,2015-11-24,,65.5973,,,46.12,622.76
328,2015-11-25,,65.621,,,46.17,612.72
329,2015-11-26,,65.4789,,,45.46,
330,2015-11-27,,65.6836,,,44.86,608.47
331,2015-11-28,,66.2393,,,,
332,2015-11-29,,,,,,
333,2015-11-30,,,,,44.61,605.7
334,2015-12-01,,66.737,,98.6,44.44,607.66
335,2015-12-02,,66.2584,,,42.49,595.28
336,2015-12-03,,66.7402,,,43.84,590.31
337,2015-12-04,,67.7691,,,43.0,585.44
338,2015-12-05,,67.6698,,,,
339,2015-12-06,,,,,,
340,2015-12-07,,,,,40.73,567.69
341,2015-12-08,,68.5156,,,40.26,548.41
342,2015-12-09,,69.3026,,,40.11,557.8
343,2015-12-10,,69.2,,,39.73,572.07
344,2015-12-11,,69.2151,,,37.93,548.32
345,2015-12-12,,69.1755,,,,
346,2015-12-13,,,,,,
347,2015-12-14,,,,,37.92,542.43
348,2015-12-15,,70.2244,,,38.45,544.43
349,2015-12-16,,70.8295,,,37.19,546.91
350,2015-12-17,,70.4012,,,37.06,531.83
351,2015-12-18,,70.5806,,,36.88,532.68
352,2015-12-19,,71.3215,,,,
353,2015-12-20,,,,,,
354,2015-12-21,,,,,36.35,537.46
355,2015-12-22,,71.2553,,,36.11,556.42
356,2015-12-23,,71.1211,,,37.36,577.49
357,2015-12-24,,70.9333,,,37.89,572.99
358,2015-12-25,,69.5165,,,,
359,2015-12-26,,70.269,,,,
360,2015-12-27,,,,,,
361,2015-12-28,,,,,36.62,561.81
362,2015-12-29,,70.7865,,,37.79,562.14
363,2015-12-30,,72.5066,,,36.46,556.58
364,2015-12-31,,72.8827,,,37.28,553.74
365,2016-01-01,,72.9299,18885.121082843765,98.9,,
366,2016-01-02,,,,,,
367,2016-01-03,,,,,,
368,2016-01-04,,,,,37.22,543.04
369,2016-01-05,,,,,36.42,546.89
370,2016-01-06,,,,,34.23,526.02
371,2016-01-07,,,,,33.75,498.25
372,2016-01-08,,,,,33.55,484.6
373,2016-01-09,,,,,,
374,2016-01-10,,,,,,
375,2016-01-11,,,,,31.55,479.97
376,2016-01-12,,75.9507,,,30.86,473.71
377,2016-01-13,,76.6041,,,30.31,461.29
378,2016-01-14,,76.4275,,,31.03,477.96
379,2016-01-15,,76.523,,,28.94,456.47
380,2016-01-16,,76.565,,,,
381,2016-01-17,,,,,,
382,2016-01-18,,,,,28.55,
383,2016-01-19,,78.6678,,,28.76,456.96
384,2016-01-20,,78.4862,,,27.88,451.8
385,2016-01-21,,79.4614,,,29.25,455.45
386,2016-01-22,,83.5913,,,32.18,463.61
387,2016-01-23,,80.5714,,,,
388,2016-01-24,,,,,,
389,2016-01-25,,,,,30.5,450.02
390,2016-01-26,,77.7965,,,31.8,474.63
391,2016-01-27,,81.8394,,,33.1,467.59
392,2016-01-28,,78.9969,,,33.89,477.73
393,2016-01-29,,77.3674,,,34.74,497.67
394,2016-01-30,,75.1723,,,,
395,2016-01-31,,,,,,
396,2016-02-01,,,,101.1,34.24,495.17
397,2016-02-02,,76.3264,,,32.72,475.26
398,2016-02-03,,77.9273,,,35.04,495.99
399,2016-02-04,,79.2593,,,34.46,529.25
400,2016-02-05,,76.4609,,,34.06,516.72
401,2016-02-06,,77.3409,,,,
402,2016-02-07,,,,,,
403,2016-02-08,,,,,32.88,505.39
404,2016-02-09,,76.8614,,,30.32,491.8
405,2016-02-10,,78.6805,,,30.84,492.17
406,2016-02-11,,79.0689,,,30.06,477.93
407,2016-02-12,,79.1144,,,33.36,507.19
408,2016-02-13,,79.4951,,,,
409,2016-02-14,,,,,,
410,2016-02-15,,,,,33.39,
411,2016-02-16,,77.7792,,,32.18,521.36
412,2016-02-17,,76.245,,,34.5,544.58
413,2016-02-18,,77.8503,,,34.28,532.44
414,2016-02-19,,75.4575,,,33.01,529.79
415,2016-02-20,,76.3657,,,,
416,2016-02-21,,77.1326,,,,
417,2016-02-22,,,,,34.69,555.86
418,2016-02-23,,,,,33.27,536.01
419,2016-02-24,,,,,34.41,531.49
420,2016-02-25,,76.3928,,,35.29,529.52
421,2016-02-26,,76.3929,,,35.1,531.52
422,2016-02-27,,75.0903,,,,
423,2016-02-28,,,,,,
424,2016-02-29,,,,,35.97,548.35
425,2016-03-01,,75.8994,,101.4,36.81,569.71
426,2016-03-02,,74.0536,,,36.93,613.6
427,2016-03-03,,73.6256,,,37.07,633.86
428,2016-03-04,,73.8242,,,38.72,657.56
429,2016-03-05,,73.1854,,,,
430,2016-03-06,,,,,,
431,2016-03-07,,,,,40.84,687.22
432,2016-03-08,,,,,39.65,642.6
433,2016-03-09,,,,,41.07,641.73
434,2016-03-10,,72.3775,,,40.05,661.57
435,2016-03-11,,71.0928,,,40.39,665.65
436,2016-03-12,,70.3067,,,,
437,2016-03-13,,,,,,
438,2016-03-14,,,,,39.53,660.59
439,2016-03-15,,70.1542,,,38.74,637.12
440,2016-03-16,,70.5408,,,40.33,664.56
441,2016-03-17,,71.0256,,,41.54,697.68
442,2016-03-18,,68.5598,,,41.2,700.21
443,2016-03-19,,68.4026,,,,
444,2016-03-20,,,,,,
445,2016-03-21,,,,,41.54,697.29
446,2016-03-22,,68.8086,,,41.79,700.88
447,2016-03-23,,67.7764,,,40.47,671.04
448,2016-03-24,,67.6409,,,40.44,685.25
449,2016-03-25,,68.9328,,,,
450,2016-03-26,,68.4346,,,,
451,2016-03-27,,,,,,
452,2016-03-28,,,,,40.27,687.34
453,2016-03-29,,67.7807,,,39.14,692.82
454,2016-03-30,,68.7549,,,39.26,707.65
455,2016-03-31,,67.6076,,,39.6,700.51
456,2016-04-01,,67.8552,20452.23464523197,99.7,38.67,711.18
457,2016-04-02,,67.141,,,,
458,2016-04-03,,,,,,
459,2016-04-04,,,,,37.69,689.59
460,2016-04-05,,68.6753,,,37.87,689.66
461,2016-04-06,,68.8901,,,39.84,694.75
462,2016-04-07,,68.5215,,,39.43,680.55
463,2016-04-08,,67.796,,,41.94,714.33
464,2016-04-09,,67.4662,,,,
465,2016-04-10,,,,,,
466,2016-04-11,,,,,42.83,742.51
467,2016-04-12,,67.125,,,44.69,772.02
468,2016-04-13,,66.3456,,,44.18,812.8
469,2016-04-14,,65.7662,,,43.84,798.23
470,2016-04-15,,66.4954,,,43.1,801.61
471,2016-04-16,,66.0452,,,,
472,2016-04-17,,,,,,
473,2016-04-18,,,,,42.91,806.26
474,2016-04-19,,68.2724,,,44.03,838.7
475,2016-04-20,,65.6474,,,45.8,852.48
476,2016-04-21,,66.0364,,,44.53,829.6
477,2016-04-22,,65.0254,,,45.11,825.45
478,2016-04-23,,66.2198,,,,
479,2016-04-24,,,,,,
480,2016-04-25,,,,,44.48,788.64
481,2016-04-26,,66.6295,,,45.74,805.54
482,2016-04-27,,66.4559,,,47.18,824.27
483,2016-04-28,,65.1618,,,48.14,823.02
484,2016-04-29,,65.1133,,,48.13,831.01
485,2016-04-30,,64.3334,,,,
486,2016-05-01,,,,101.4,,
487,2016-05-02,,,,,45.83,831.23
488,2016-05-03,,,,,44.97,786.57
489,2016-05-04,,,,,44.62,772.95
490,2016-05-05,,66.1718,,,45.01,758.76
491,2016-05-06,,65.8918,,,45.37,769.87
492,2016-05-07,,66.1928,,,,
493,2016-05-08,,,,,,
494,2016-05-09,,,,,43.63,710.11
495,2016-05-10,,,,,45.52,737.05
496,2016-05-11,,66.3277,,,47.6,734.84
497,2016-05-12,,66.2428,,,48.08,719.19
498,2016-05-13,,64.9607,,,47.83,697.39
499,2016-05-14,,64.9306,,,,
500,2016-05-15,,,,,,
501,2016-05-16,,,,,48.97,706.79
502,2016-05-17,,64.8895,,,49.28,708.01
503,2016-05-18,,64.5138,,,48.93,681.85
504,2016-05-19,,65.0641,,,48.81,682.25
505,2016-05-20,,66.211,,,48.72,681.28
506,2016-05-21,,66.3775,,,,
507,2016-05-22,,,,,,
508,2016-05-23,,,,,48.35,684.89
509,2016-05-24,,67.0475,,,48.61,681.44
510,2016-05-25,,67.0493,,,49.74,699.73
511,2016-05-26,,65.8949,,,49.59,706.5
512,2016-05-27,,65.2062,,,49.32,695.55
513,2016-05-28,,66.0413,,,,
514,2016-05-29,,,,,,
515,2016-05-30,,,,,49.76,
516,2016-05-31,,66.0825,,,49.69,696.39
517,2016-06-01,,65.9962,,102.3,49.72,697.48
518,2016-06-02,,66.6156,,,50.04,708.21
519,2016-06-03,,66.7491,,,49.64,732.59
520,2016-06-04,,66.8529,,,,
521,2016-06-05,,,,,,
522,2016-06-06,,,,,50.55,757.44
523,2016-06-07,,65.7894,,,51.44,757.79
524,2016-06-08,,65.2089,,,52.51,788.98
525,2016-06-09,,64.6797,,,51.95,760.81
526,2016-06-10,,63.7402,,,50.54,745.02
527,2016-06-11,,64.7077,,,,
528,2016-06-12,,,,,,
529,2016-06-13,,,,,50.35,735.27
530,2016-06-14,10.5,,,,49.83,718.71
531,2016-06-15,,66.0306,,,48.97,739.2
532,2016-06-16,,65.9156,,,47.19,743.3
533,2016-06-17,,65.8618,,,49.17,747.73
534,2016-06-18,,65.4398,,,,
535,2016-06-19,,,,,,
536,2016-06-20,,,,,50.65,768.0
537,2016-06-21,,64.1509,,,50.62,756.23
538,2016-06-22,,64.1743,,,49.88,752.33
539,2016-06-23,,63.7162,,,50.91,780.45
540,2016-06-24,,64.3212,,,48.41,719.13
541,2016-06-25,,65.5287,,,,
542,2016-06-26,,,,,,
543,2016-06-27,,,,,47.16,697.17
544,2016-06-28,,65.0588,,,48.58,723.06
545,2016-06-29,,64.8095,,,50.61,740.47
546,2016-06-30,,64.2575,,,49.68,770.49
547,2016-07-01,,64.1755,22235.1152234013,100.5,50.35,790.4
548,2016-07-02,,64.0165,,,,
549,2016-07-03,,,,,,
550,2016-07-04,,,,,50.1,
551,2016-07-05,,63.6844,,,47.96,765.98
552,2016-07-06,,64.2676,,,48.8,775.2
553,2016-07-07,,64.6304,,,46.4,770.33
554,2016-07-08,,64.05,,,46.76,799.87
555,2016-07-09,,64.2488,,,,
556,2016-07-10,,,,,,
557,2016-07-11,,,,,46.25,822.32
558,2016-07-12,,64.2024,,,48.47,855.3
559,2016-07-13,,63.9029,,,46.26,861.06
560,2016-07-14,,63.8531,,,47.37,866.82
561,2016-07-15,,63.5773,,,47.61,867.94
562,2016-07-16,,63.1697,,,,
563,2016-07-17,,,,,,
564,2016-07-18,,,,,46.96,875.21
565,2016-07-19,,63.1154,,,46.66,844.89
566,2016-07-20,,62.9891,,,47.17,833.34
567,2016-07-21,,63.4183,,,46.2,837.21
568,2016-07-22,,63.7373,,,45.69,847.81
569,2016-07-23,,64.627,,,,
570,2016-07-24,,,,,,
571,2016-07-25,,,,,44.72,844.17
572,2016-07-26,,64.9184,,,44.87,882.83
573,2016-07-27,,65.7408,,,43.47,891.95
574,2016-07-28,,65.9467,,,42.7,892.35
575,2016-07-29,,66.1125,,,42.46,896.37
576,2016-07-30,,67.0512,,,,
577,2016-07-31,,,,,,
578,2016-08-01,,,,99.6,42.14,881.23
579,2016-08-02,,65.9553,,,41.8,865.22
580,2016-08-03,,66.8816,,,43.1,888.68
581,2016-08-04,,66.742,,,44.29,891.65
582,2016-08-05,,66.3941,,,44.27,905.52
583,2016-08-06,,65.5627,,,,
584,2016-08-07,,,,,,
585,2016-08-08,,,,,45.39,900.48
586,2016-08-09,,65.0799,,,44.98,891.57
587,2016-08-10,,64.7848,,,44.05,878.58
588,2016-08-11,,64.8137,,,46.04,886.29
589,2016-08-12,,64.9497,,,46.97,860.01
590,2016-08-13,,64.3364,,,,
591,2016-08-14,,,,,,
592,2016-08-15,,,,,48.35,886.27
593,2016-08-16,,64.2076,,,49.23,886.05
594,2016-08-17,,63.9514,,,49.85,883.53
595,2016-08-18,,63.9943,,,50.89,893.15
596,2016-08-19,,63.5487,,,50.88,875.91
597,2016-08-20,,63.9391,,,,
598,2016-08-21,,,,,,
599,2016-08-22,,,,,49.16,866.56
600,2016-08-23,,64.2078,,,49.96,869.93
601,2016-08-24,,64.7684,,,49.05,845.31
602,2016-08-25,,64.814,,,49.67,849.26
603,2016-08-26,,64.9459,,,49.92,839.01
604,2016-08-27,,64.738,,,,
605,2016-08-28,,,,,,
606,2016-08-29,,,,,49.26,857.43
607,2016-08-30,,65.081,,,48.37,837.98
608,2016-08-31,,64.9072,,,47.04,826.7
609,2016-09-01,,65.2535,,99.5,45.45,834.04
610,2016-09-02,,65.2566,,,46.83,846.53
611,2016-09-03,,65.8684,,,,
612,2016-09-04,,,,,,
613,2016-09-05,,,,,47.63,
614,2016-09-06,,64.7644,,,47.26,865.14
615,2016-09-07,,64.8306,,,47.98,860.08
616,2016-09-08,,64.3804,,,49.99,853.85
617,2016-09-09,,63.973,,,48.01,810.42
618,2016-09-10,,64.1617,,,,
619,2016-09-11,,,,,,
620,2016-09-12,,,,,48.32,825.09
621,2016-09-13,,65.0539,,,47.1,778.31
622,2016-09-14,,64.8102,,,45.85,781.59
623,2016-09-15,,64.9737,,,46.59,790.13
624,2016-09-16,,65.217,,,45.77,780.43
625,2016-09-17,,64.994,,,,
626,2016-09-18,,,,,,
627,2016-09-19,10.0,,,,45.95,797.11
628,2016-09-20,,64.9173,,,45.88,795.57
629,2016-09-21,,64.7513,,,46.83,832.03
630,2016-09-22,,64.4424,,,47.65,838.21
631,2016-09-23,,63.7942,,,45.89,839.1
632,2016-09-24,,63.8642,,,,
633,2016-09-25,,,,,,
634,2016-09-26,,,,,47.35,836.45
635,2016-09-27,,64.1506,,,45.97,838.8
636,2016-09-28,,63.6921,,,48.69,873.42
637,2016-09-29,,63.9509,,,49.24,856.78
638,2016-09-30,,63.1581,,,49.06,858.66
639,2016-10-01,,63.396,24043.612849930672,100.7,,
640,2016-10-02,,,,,,
641,2016-10-03,,,,,50.89,864.29
642,2016-10-04,,62.5477,,,50.87,844.04
643,2016-10-05,,62.4323,,,51.86,861.88
644,2016-10-06,,62.4583,,,52.51,863.02
645,2016-10-07,,62.39,,,51.93,864.95
646,2016-10-08,,62.3031,,,,
647,2016-10-09,,,,,,
648,2016-10-10,,,,,53.14,883.16
649,2016-10-11,,62.3884,,,52.41,866.23
650,2016-10-12,,62.1946,,,51.81,870.79
651,2016-10-13,,62.5892,,,52.03,845.43
652,2016-10-14,,63.3465,,,51.95,850.23
653,2016-10-15,,62.9934,,,,
654,2016-10-16,,,,,,
655,2016-10-17,,,,,51.52,859.34
656,2016-10-18,,63.151,,,51.68,876.49
657,2016-10-19,,62.89,,,52.67,891.18
658,2016-10-20,,62.5841,,,51.38,901.37
659,2016-10-21,,62.4194,,,51.78,907.13
660,2016-10-22,,62.4499,,,,
661,2016-10-23,,,,,,
662,2016-10-24,,,,,51.46,916.4
663,2016-10-25,,62.2349,,,50.79,924.99
664,2016-10-26,,62.048,,,49.98,925.26
665,2016-10-27,,62.2597,,,50.47,911.71
666,2016-10-28,,63.0399,,,49.71,913.23
667,2016-10-29,,62.9037,,,,
668,2016-10-30,,,,,,
669,2016-10-31,,,,,48.3,922.17
670,2016-11-01,,63.2174,,100.0,48.14,910.69
671,2016-11-02,,63.2025,,,46.86,895.91
672,2016-11-03,,63.4166,,,46.35,911.64
673,2016-11-04,,63.5043,,,45.58,912.79
674,2016-11-05,,,,,,
675,2016-11-06,,,,,,
676,2016-11-07,,,,,46.15,952.24
677,2016-11-08,,63.9074,,,46.04,960.63
678,2016-11-09,,63.7364,,,46.36,1020.91
679,2016-11-10,,63.8928,,,45.84,1038.27
680,2016-11-11,,63.4161,,,44.75,1029.8
681,2016-11-12,,65.2167,,,,
682,2016-11-13,,,,,,
683,2016-11-14,,,,,44.43,1060.0
684,2016-11-15,,65.8591,,,46.95,1046.6
685,2016-11-16,,65.5548,,,46.63,1028.15
686,2016-11-17,,64.5463,,,46.49,1029.36
687,2016-11-18,,64.9154,,,46.86,1021.47
688,2016-11-19,,65.1023,,,,
689,2016-11-20,,,,,,
690,2016-11-21,,,,,48.9,1045.56
691,2016-11-22,,64.358,,,49.12,1108.0
692,2016-11-23,,63.6282,,,48.95,1120.08
693,2016-11-24,,64.0087,,,49.0,
694,2016-11-25,,64.6279,,,47.24,1123.04
695,2016-11-26,,64.6174,,,,
696,2016-11-27,,,,,,
697,2016-11-28,,,,,48.24,1127.1
698,2016-11-29,,64.9153,,,46.38,1096.08
699,2016-11-30,,64.9449,,,50.47,1099.51
700,2016-12-01,,65.2382,,102.3,53.94,1095.91
701,2016-12-02,,63.6807,,,54.46,1113.04
702,2016-12-03,,64.1528,,,,
703,2016-12-04,,,,,,
704,2016-12-05,,,,,54.94,1145.92
705,2016-12-06,,63.9242,,,53.93,1156.36
706,2016-12-07,,63.8741,,,53.0,1191.44
707,2016-12-08,,63.9114,,,53.89,1190.0
708,2016-12-09,,63.3901,,,54.33,1159.9
709,2016-12-10,,63.3028,,,,
710,2016-12-11,,,,,,
711,2016-12-12,,,,,55.69,1150.2
712,2016-12-13,,61.5804,,,55.72,1128.41
713,2016-12-14,,61.069,,,53.9,1113.18
714,2016-12-15,,60.8079,,,54.02,1121.93
715,2016-12-16,,61.6368,,,55.21,1094.26
716,2016-12-17,,61.7515,,,,
717,2016-12-18,,,,,,
718,2016-12-19,,,,,54.92,1072.21
719,2016-12-20,,61.7931,,,55.35,1096.55
720,2016-12-21,,61.7967,,,54.46,1096.4
721,2016-12-22,,61.1092,,,55.05,1077.27
722,2016-12-23,,60.8641,,,55.16,1077.24
723,2016-12-24,,60.8528,,,,
724,2016-12-25,,,,,,
725,2016-12-26,,,,,55.16,
726,2016-12-27,,60.9084,,,56.09,1090.72
727,2016-12-28,,60.8587,,,56.22,1082.07
728,2016-12-29,,60.6669,,,56.14,1078.8
729,2016-12-30,,60.273,,,56.82,1057.76
730,2016-12-31,,60.6569,,,,
731,2017-01-01,,,20586.11906037327,101.47,,
732,2017-01-02,,,,,56.82,
733,2017-01-03,,,,,55.47,1088.12
734,2017-01-04,,,,,56.46,1105.61
735,2017-01-05,,,,,56.89,1113.65
736,2017-01-06,,,,,57.1,1088.34
737,2017-01-07,,,,,,
738,2017-01-08,,,,,,
739,2017-01-09,,,,,54.94,1081.63
740,2017-01-10,,59.8961,,,53.64,1134.66
741,2017-01-11,,59.9533,,,55.1,1156.19
742,2017-01-12,,60.1614,,,56.01,1146.85
743,2017-01-13,,59.4978,,,55.45,1146.96
744,2017-01-14,,59.37,,,,
745,2017-01-15,,,,,55.47,
746,2017-01-16,,,,,55.86,
747,2017-01-17,,59.6067,,,55.47,1143.93
748,2017-01-18,,59.4015,,,53.92,1168.67
749,2017-01-19,,59.183,,,54.16,1146.27
750,2017-01-20,,59.3521,,,55.49,1153.18
751,2017-01-21,,59.6697,,,,
752,2017-01-22,,,,,55.55,
753,2017-01-23,,,,,55.23,1171.75
754,2017-01-24,,59.5034,,,55.44,1194.24
755,2017-01-25,,59.2168,,,55.08,1187.31
756,2017-01-26,,59.1489,,,56.24,1185.94
757,2017-01-27,,59.6356,,,55.52,1187.91
758,2017-01-28,,60.3196,,,,
759,2017-01-29,,,,,55.26,
760,2017-01-30,,,,,55.23,1160.01
761,2017-01-31,,60.1618,,,55.7,1153.23
762,2017-02-01,,60.0851,,99.53,56.8,1163.46
763,2017-02-02,,60.3099,,,56.56,1176.94
764,2017-02-03,,59.9858,,,56.81,1146.89
765,2017-02-04,,59.3137,,,,
766,2017-02-05,,,,,56.82,
767,2017-02-06,,,,,55.72,1140.77
768,2017-02-07,,58.7121,,,55.05,1137.51
769,2017-02-08,,59.1933,,,55.12,1145.68
770,2017-02-09,,59.5129,,,55.63,1177.06
771,2017-02-10,,59.0235,,,56.7,1207.68
772,2017-02-11,,58.8457,,,,
773,2017-02-12,,,,,56.54,
774,2017-02-13,,,,,55.59,1252.99
775,2017-02-14,,58.0619,,,55.97,1243.34
776,2017-02-15,,57.7388,,,55.75,1244.93
777,2017-02-16,,56.7719,,,55.65,1243.42
778,2017-02-17,,57.1507,,,55.81,1238.51
779,2017-02-18,,57.6342,,,,
780,2017-02-19,,,,,55.8,
781,2017-02-20,,,,,56.18,
782,2017-02-21,,58.0967,,,56.66,1266.11
783,2017-02-22,,57.859,,,55.84,1248.56
784,2017-02-23,,57.4762,,,56.58,1201.26
785,2017-02-24,,,,,55.99,1186.81
786,2017-02-25,,,,,,
787,2017-02-26,,,,,56.01,
788,2017-02-27,,,,,55.93,1207.12
789,2017-02-28,,57.9371,,,55.59,1194.23
790,2017-03-01,,57.9627,,99.79,56.36,1233.1
791,2017-03-02,,58.3776,,,55.08,1182.43
792,2017-03-03,,58.4067,,,55.9,1196.69
793,2017-03-04,,58.9099,,,,
794,2017-03-05,,,,,55.86,
795,2017-03-06,,,,,56.01,1173.66
796,2017-03-07,,58.337,,,55.92,1154.07
797,2017-03-08,,58.263,,,53.11,1125.72
798,2017-03-09,,,,,52.19,1115.14
799,2017-03-10,,58.8318,,,51.37,1115.76
800,2017-03-11,,59.2174,,,,
801,2017-03-12,,,,,,
802,2017-03-13,,,,,51.35,1146.83
803,2017-03-14,,59.1327,,,50.92,1141.04
804,2017-03-15,,58.954,,,51.81,1201.04
805,2017-03-16,,59.1128,,,51.74,1198.79
806,2017-03-17,,58.2437,,,51.76,1185.88
807,2017-03-18,,57.9344,,,,
808,2017-03-19,,,,,51.69,
809,2017-03-20,,,,,51.62,1195.54
810,2017-03-21,,57.2847,,,50.96,1126.93
811,2017-03-22,,57.2323,,,50.64,1139.89
812,2017-03-23,,57.636,,,50.56,1127.0
813,2017-03-24,,57.5228,,,50.8,1110.97
814,2017-03-25,,57.4247,,,,
815,2017-03-26,,,,,50.97,
816,2017-03-27,9.75,,,,50.75,1106.64
817,2017-03-28,,57.0233,,,51.33,1124.68
818,2017-03-29,,56.9364,,,52.42,1127.37
819,2017-03-30,,57.0241,,,52.96,1126.35
820,2017-03-31,,56.3779,,,52.83,1125.05
821,2017-04-01,,55.9606,21917.573773440705,100.02,,
822,2017-04-02,,,,,53.47,
823,2017-04-03,,,,,53.12,1117.01
824,2017-04-04,,56.1396,,,54.17,1133.55
825,2017-04-05,,56.5553,,,54.36,1104.24
826,2017-04-06,,55.894,,,54.89,1106.82
827,2017-04-07,,56.4369,,,55.24,1113.98
828,2017-04-08,,56.9201,,,,
829,2017-04-09,,,,,,
830,2017-04-10,,,,,55.98,1100.51
831,2017-04-11,,57.3896,,,56.23,1108.31
832,2017-04-12,,56.9552,,,55.86,1056.64
833,2017-04-13,,56.7556,,,55.89,1032.19
834,2017-04-14,,56.6019,,,55.98,
835,2017-04-15,,56.2945,,,,
836,2017-04-16,,,,,55.66,
837,2017-04-17,,,,,55.36,1031.9
838,2017-04-18,,56.2505,,,54.89,1020.21
839,2017-04-19,,55.9793,,,52.93,1011.58
840,2017-04-20,,56.1753,,,52.99,1048.76
841,2017-04-21,,56.4165,,,51.96,1048.8
842,2017-04-22,,56.2307,,,,
843,2017-04-23,,,,,,
844,2017-04-24,,,,,51.6,1067.98
845,2017-04-25,,56.0794,,,52.1,1077.49
846,2017-04-26,,55.8453,,,51.82,1060.52
847,2017-04-27,,56.3131,,,51.44,1050.07
848,2017-04-28,,56.9707,,,51.73,1052.5
849,2017-04-29,,56.9838,,,,
850,2017-04-30,,,,,,
851,2017-05-01,,,,99.9,51.52,1057.12
852,2017-05-02,9.25,,,,50.46,1056.26
853,2017-05-03,,56.9518,,,50.79,1022.0
854,2017-05-04,,57.0927,,,48.38,1002.03
855,2017-05-05,,57.5714,,,49.1,1009.82
856,2017-05-06,,58.5382,,,,
857,2017-05-07,,,,,,
858,2017-05-08,,,,,49.34,997.94
859,2017-05-09,,,,,48.73,1001.57
860,2017-05-10,,,,,50.22,1011.42
861,2017-05-11,,58.0824,,,50.77,1008.48
862,2017-05-12,,57.1161,,,50.84,996.44
863,2017-05-13,,57.164,,,,
864,2017-05-14,,,,,50.7338,
865,2017-05-15,,,,,51.82,1019.24
866,2017-05-16,,56.5258,,,51.65,1030.7
867,2017-05-17,,56.2603,,,52.21,1005.55
868,2017-05-18,,56.7383,,,52.51,979.9
869,2017-05-19,,57.4683,,,53.61,1009.79
870,2017-05-20,,57.1602,,,53.79,
871,2017-05-21,,,,,,
872,2017-05-22,,,,,53.87,1012.08
873,2017-05-23,,56.4988,,,54.15,1033.67
874,2017-05-24,,56.5552,,,53.96,1018.54
875,2017-05-25,,56.2743,,,51.46,1015.52
876,2017-05-26,,56.0701,,,52.15,1016.17
877,2017-05-27,,56.756,,,,
878,2017-05-28,,,,,52.1898,
879,2017-05-29,,,,,52.29,
880,2017-05-30,,56.7106,,,51.84,1022.4
881,2017-05-31,,56.5168,,,50.31,1006.4
882,2017-06-01,,56.6876,,99.87,50.63,1009.35
883,2017-06-02,,56.5373,,,49.95,1001.76
884,2017-06-03,,56.6876,,,,
885,2017-06-04,,,,,49.8906,
886,2017-06-05,,,,,49.47,1005.74
887,2017-06-06,,56.6152,,,50.12,1001.72
888,2017-06-07,,56.6747,,,48.06,997.03
889,2017-06-08,,56.5878,,,47.86,1025.62
890,2017-06-09,,56.9857,,,48.15,1028.52
891,2017-06-10,,57.002,,,,
892,2017-06-11,,,,,48.3824,
893,2017-06-12,,,,,48.29,1025.55
894,2017-06-13,,,,,48.72,1025.28
895,2017-06-14,,56.9096,,,47.0,1003.58
896,2017-06-15,,57.0303,,,46.92,977.4
897,2017-06-16,,57.4437,,,47.37,978.46
898,2017-06-17,,57.7408,,,47.32,
899,2017-06-18,,,,,47.234,
900,2017-06-19,9.0,,,,46.91,988.35
901,2017-06-20,,57.9585,,,46.02,970.01
902,2017-06-21,,58.5786,,,44.82,971.67
903,2017-06-22,,60.0,,,45.22,986.04
904,2017-06-23,,60.1482,,,45.54,1001.86
905,2017-06-24,,59.6564,,,,
906,2017-06-25,,,,,,
907,2017-06-26,,,,,45.83,1006.18
908,2017-06-27,,59.0014,,,46.65,1009.18
909,2017-06-28,,58.8843,,,47.31,1047.81
910,2017-06-29,,59.5415,,,47.42,1047.31
911,2017-06-30,,59.0855,,,47.92,1059.8
912,2017-07-01,,59.3862,23718.216150578643,99.57,,
913,2017-07-02,,,,,,
914,2017-07-03,,,,,49.68,1075.39
915,2017-07-04,,58.9695,,,49.61,
916,2017-07-05,,59.2295,,,47.79,1070.78
917,2017-07-06,,59.5787,,,48.11,1068.04
918,2017-07-07,,60.2426,,,46.71,1062.78
919,2017-07-08,,60.3792,,,,
920,2017-07-09,,,,,46.8357,
921,2017-07-10,,,,,46.88,1080.83
922,2017-07-11,,60.3014,,,47.52,1095.68
923,2017-07-12,,60.7397,,,47.74,1107.08
924,2017-07-13,,60.6227,,,48.42,1114.8
925,2017-07-14,,60.1836,,,48.91,1114.22
926,2017-07-15,,59.8806,,,,
927,2017-07-16,,,,,49.028,
928,2017-07-17,,,,,48.42,1127.77
929,2017-07-18,,59.0657,,,48.84,1122.64
930,2017-07-19,,59.3705,,,49.7,1140.43
931,2017-07-20,,59.2418,,,49.3,1128.92
932,2017-07-21,,59.0823,,,48.06,1114.17
933,2017-07-22,,58.9325,,,,
934,2017-07-23,,,,,47.9552,
935,2017-07-24,,,,,48.6,1119.33
936,2017-07-25,,59.6572,,,50.2,1151.74
937,2017-07-26,,59.8185,,,50.97,1134.45
938,2017-07-27,,59.9102,,,51.49,1127.9
939,2017-07-28,,59.4102,,,52.52,1116.56
940,2017-07-29,,59.5436,,,,
941,2017-07-30,,,,,52.6603,
942,2017-07-31,,,,,52.65,1132.96
943,2017-08-01,,60.0633,,100.58,51.78,1118.63
944,2017-08-02,,59.8454,,,52.36,1114.76
945,2017-08-03,,60.5819,,,52.01,1107.37
946,2017-08-04,,60.7503,,,52.42,1124.96
947,2017-08-05,,60.3281,,,,
948,2017-08-06,,,,,52.4024,
949,2017-08-07,,,,,52.37,1152.21
950,2017-08-08,,60.0605,,,52.14,1146.23
951,2017-08-09,,59.9886,,,52.7,1133.13
952,2017-08-10,,59.9611,,,51.9,1117.64
953,2017-08-11,,59.9298,,,52.1,1099.42
954,2017-08-12,,60.1873,,,,
955,2017-08-13,,,,,52.0575,
956,2017-08-14,,,,,50.73,1104.24
957,2017-08-15,,59.799,,,50.8,1099.12
958,2017-08-16,,59.9266,,,50.27,1121.62
959,2017-08-17,,59.6521,,,51.03,1092.65
960,2017-08-18,,59.249,,,52.72,1103.73
961,2017-08-19,,59.3612,,,52.85,
962,2017-08-20,,,,,52.7528,
963,2017-08-21,,,,,51.66,1099.14
964,2017-08-22,,59.1409,,,51.87,1120.95
965,2017-08-23,,59.0396,,,52.57,1140.84
966,2017-08-24,,59.1312,,,52.04,1141.54
967,2017-08-25,,59.1397,,,52.41,1146.13
968,2017-08-26,,59.1476,,,,
969,2017-08-27,,,,,52.7274,
970,2017-08-28,,,,,51.89,1149.26
971,2017-08-29,,58.5469,,,52.0,1152.65
972,2017-08-30,,58.532,,,50.86,1163.84
973,2017-08-31,,58.7306,,,52.38,1170.85
974,2017-09-01,,58.5454,,101.24,52.75,1195.72
975,2017-09-02,,58.0557,,,,
976,2017-09-03,,,,,,
977,2017-09-04,,,,,52.34,
978,2017-09-05,,57.7817,,,53.38,1189.82
979,2017-09-06,,57.8503,,,54.2,1199.39
980,2017-09-07,,57.3387,,,54.49,1206.25
981,2017-09-08,,57.1411,,,53.78,1185.77
982,2017-09-09,,56.9966,,,,
983,2017-09-10,,,,,53.9246,
984,2017-09-11,,,,,53.84,1200.26
985,2017-09-12,,57.1694,,,54.27,1202.87
986,2017-09-13,,57.2656,,,55.16,1191.63
987,2017-09-14,,57.6679,,,55.47,1173.37
988,2017-09-15,,57.7706,,,55.62,1178.81
989,2017-09-16,,57.5336,,,55.51,
990,2017-09-17,,,,,55.4472,
991,2017-09-18,8.5,,,,55.48,1192.53
992,2017-09-19,,57.6242,,,55.14,1188.71
993,2017-09-20,,58.0993,,,56.29,1186.52
994,2017-09-21,,58.129,,,56.43,1163.69
995,2017-09-22,,58.2242,,,56.86,1152.34
996,2017-09-23,,57.6527,,,,
997,2017-09-24,,,,,56.9378,
998,2017-09-25,,,,,59.02,1136.91
999,2017-09-26,,57.566,,,58.44,1138.74
1000,2017-09-27,,57.5186,,,57.9,1147.64
1001,2017-09-28,,58.0102,,,57.41,1145.22
1002,2017-09-29,,58.4255,,,57.54,1157.28
1003,2017-09-30,,58.0169,,,,
1004,2017-10-01,,,25621.245234106133,101.33,,
1005,2017-10-02,,,,,56.12,1170.48
1006,2017-10-03,,57.8134,,,56.0,1180.58
1007,2017-10-04,,57.9375,,,55.8,1183.01
1008,2017-10-05,,57.7832,,,57.0,1180.2
1009,2017-10-06,,57.5811,,,55.62,1174.25
1010,2017-10-07,,57.7612,,,,
1011,2017-10-08,,,,,55.6542,
1012,2017-10-09,,,,,55.79,1152.2
1013,2017-10-10,,58.3151,,,56.61,1155.51
1014,2017-10-11,,58.0713,,,56.94,1155.77
1015,2017-10-12,,57.921,,,56.25,1164.97
1016,2017-10-13,,57.6869,,,57.17,1208.31
1017,2017-10-14,,57.6196,,,,
1018,2017-10-15,,,,,,
1019,2017-10-16,,,,,57.82,1203.42
1020,2017-10-17,,57.0861,,,57.88,1191.2
1021,2017-10-18,,57.3392,,,58.15,1193.06
1022,2017-10-19,,57.2721,,,57.23,1200.41
1023,2017-10-20,,57.5706,,,57.75,1211.32
1024,2017-10-21,,57.5118,,,,
1025,2017-10-22,,,,,57.9947,
1026,2017-10-23,,,,,57.37,1199.92
1027,2017-10-24,,57.4706,,,58.33,1219.78
1028,2017-10-25,,57.5852,,,58.44,1207.19
1029,2017-10-26,,57.614,,,59.3,1195.58
1030,2017-10-27,,57.7643,,,60.44,1195.46
1031,2017-10-28,,58.0833,,,,
1032,2017-10-29,,,,,60.6161,
1033,2017-10-30,8.25,,,,60.9,1175.84
1034,2017-10-31,,57.8716,,,61.37,1162.59
1035,2017-11-01,,58.1179,,100.52,60.49,1174.04
1036,2017-11-02,,58.1557,,,60.62,1185.08
1037,2017-11-03,,58.0869,,,62.07,1171.58
1038,2017-11-04,,58.4296,,,,
1039,2017-11-05,,,,,,
1040,2017-11-06,,,,,64.27,1187.75
1041,2017-11-07,,,,,63.69,1168.43
1042,2017-11-08,,58.4557,,,63.49,1168.04
1043,2017-11-09,,59.248,,,63.93,1147.82
1044,2017-11-10,,59.2527,,,63.52,1144.35
1045,2017-11-11,,59.2808,,,,
1046,2017-11-12,,,,,63.7094,
1047,2017-11-13,,,,,63.16,1140.26
1048,2017-11-14,,59.1823,,,62.21,1107.49
1049,2017-11-15,,59.6207,,,61.87,1105.32
1050,2017-11-16,,60.249,,,61.36,1112.44
1051,2017-11-17,,59.9898,,,62.72,1122.97
1052,2017-11-18,,59.6325,,,62.72,
1053,2017-11-19,,,,,62.5701,
1054,2017-11-20,,,,,62.22,1132.64
1055,2017-11-21,,59.2746,,,62.57,1146.14
1056,2017-11-22,,59.4604,,,63.32,1157.69
1057,2017-11-23,,59.0061,,,63.55,
1058,2017-11-24,,58.4622,,,63.86,1165.42
1059,2017-11-25,,58.5318,,,,
1060,2017-11-26,,,,,63.7075,
1061,2017-11-27,,,,,63.84,1156.2
1062,2017-11-28,,58.2773,,,63.61,1161.55
1063,2017-11-29,,58.4125,,,63.11,1162.21
1064,2017-11-30,,58.3311,,,63.57,1162.06
1065,2017-12-01,,58.5814,,100.29,63.73,1162.43
1066,2017-12-02,,58.5182,,,,
1067,2017-12-03,,,,,63.679,
1068,2017-12-04,,,,,62.45,1184.26
1069,2017-12-05,,58.9911,,,62.86,1160.63
1070,2017-12-06,,58.6924,,,61.22,1167.72
1071,2017-12-07,,58.9281,,,62.2,1171.57
1072,2017-12-08,,59.2948,,,63.4,1187.31
1073,2017-12-09,,59.2811,,,63.3,
1074,2017-12-10,,,,,63.1465,
1075,2017-12-11,,,,,64.69,1199.61
1076,2017-12-12,,59.2348,,,63.34,1204.54
1077,2017-12-13,,58.837,,,62.44,1206.62
1078,2017-12-14,,59.1446,,,63.31,1184.74
1079,2017-12-15,,58.7082,,,63.23,1200.46
1080,2017-12-16,,58.8987,,,,
1081,2017-12-17,,,,,63.3272,
1082,2017-12-18,7.75,,,,63.41,1230.36
1083,2017-12-19,,58.694,,,63.8,1234.75
1084,2017-12-20,,58.6117,,,64.56,1258.8
1085,2017-12-21,,58.717,,,64.9,1273.56
1086,2017-12-22,,58.5596,,,65.25,1268.04
1087,2017-12-23,,58.3152,,,,
1088,2017-12-24,,,,,,
1089,2017-12-25,,,,,,
1090,2017-12-26,,58.1989,,,67.02,1282.79
1091,2017-12-27,,57.7343,,,66.44,1277.83
1092,2017-12-28,,57.4544,,,66.72,1293.28
1093,2017-12-29,,57.6291,,,66.87,1285.04
1094,2017-12-30,,57.6002,,,,
1095,2017-12-31,,,,,,
1096,2018-01-01,,,22474.464292826313,100.06,66.7045,
1097,2018-01-02,,,,,66.57,1340.23
1098,2018-01-03,,,,,67.84,1356.83
1099,2018-01-04,,,,,68.07,1369.03
1100,2018-01-05,,,,,67.62,1374.38
1101,2018-01-06,,,,,,
1102,2018-01-07,,,,,67.8239,
1103,2018-01-08,,,,,67.78,1395.48
1104,2018-01-09,,,,,68.82,1385.63
1105,2018-01-10,,57.0463,,,69.2,1391.31
1106,2018-01-11,,56.8734,,,69.26,1432.33
1107,2018-01-12,,56.9957,,,69.87,1435.67
1108,2018-01-13,,56.6019,,,,
1109,2018-01-14,,,,,69.7722,
1110,2018-01-15,,,,,70.26,
1111,2018-01-16,,56.3569,,,69.15,1405.38
1112,2018-01-17,,56.3878,,,69.38,1426.57
1113,2018-01-18,,56.5925,,,69.31,1410.24
1114,2018-01-19,,56.7597,,,68.61,1417.18
1115,2018-01-20,,56.5892,,,68.73,
1116,2018-01-21,,,,,68.7377,
1117,2018-01-22,,,,,69.03,1417.3
1118,2018-01-23,,56.6261,,,69.96,1407.21
1119,2018-01-24,,56.4115,,,70.53,1423.48
1120,2018-01-25,,56.3888,,,70.42,1421.13
1121,2018-01-26,,55.9288,,,70.52,1436.25
1122,2018-01-27,,55.8288,,,,
1123,2018-01-28,,,,,70.4233,
1124,2018-01-29,,,,,69.46,1425.19
1125,2018-01-30,,56.2908,,,69.02,1402.25
1126,2018-01-31,,56.2914,,,69.05,1389.47
1127,2018-02-01,,56.184,,100.78,69.65,1395.22
1128,2018-02-02,,56.2613,,,68.58,1336.48
1129,2018-02-03,,56.0408,,,68.26,
1130,2018-02-04,,,,,68.104,
1131,2018-02-05,,,,,67.62,1302.87
1132,2018-02-06,,56.6278,,,66.86,1342.9
1133,2018-02-07,,57.2196,,,65.51,1316.53
1134,2018-02-08,,56.9533,,,64.81,1272.75
1135,2018-02-09,,57.6736,,,62.79,1299.03
1136,2018-02-10,,58.1718,,,,
1137,2018-02-11,,,,,62.8275,
1138,2018-02-12,7.5,,,,62.59,1329.19
1139,2018-02-13,,58.0171,,,62.72,1345.04
1140,2018-02-14,,57.7701,,,64.36,1396.11
1141,2018-02-15,,57.5899,,,64.33,1407.52
1142,2018-02-16,,56.5918,,,64.84,1442.18
1143,2018-02-17,,56.3554,,,64.86,
1144,2018-02-18,,,,,64.9775,
1145,2018-02-19,,,,,65.67,
1146,2018-02-20,,56.3438,,,65.25,1413.66
1147,2018-02-21,,56.5201,,,65.42,1402.84
1148,2018-02-22,,56.6537,,,66.39,1412.39
1149,2018-02-23,,56.7608,,,67.31,1426.22
1150,2018-02-24,,,,,,
1151,2018-02-25,,,,,67.3137,
1152,2018-02-26,,,,,67.5,1453.17
1153,2018-02-27,,55.9208,,,66.63,1428.93
1154,2018-02-28,,55.6717,,,65.78,1381.7
1155,2018-03-01,,56.3742,,100.08,63.83,1393.18
1156,2018-03-02,,56.4334,,,64.37,1378.67
1157,2018-03-03,,56.6616,,,,
1158,2018-03-04,,,,,64.6691,
1159,2018-03-05,,,,,65.54,1378.76
1160,2018-03-06,,57.1,,,65.79,1384.25
1161,2018-03-07,,56.5041,,,64.34,1383.64
1162,2018-03-08,,56.8011,,,63.61,1358.38
1163,2018-03-09,,,,,65.49,1365.14
1164,2018-03-10,,,,,65.58,
1165,2018-03-11,,,,,65.55,
1166,2018-03-12,,,,,64.95,1375.08
1167,2018-03-13,,56.6122,,,64.64,1359.86
1168,2018-03-14,,56.9359,,,64.89,1342.22
1169,2018-03-15,,56.9372,,,65.12,1328.51
1170,2018-03-16,,57.0188,,,66.21,1337.05
1171,2018-03-17,,57.4942,,,,
1172,2018-03-18,,,,,66.05,
1173,2018-03-19,,,,,66.05,1308.06
1174,2018-03-20,,57.5521,,,67.42,1306.69
1175,2018-03-21,,57.7033,,,69.47,1343.03
1176,2018-03-22,,57.4954,,,68.91,1260.15
1177,2018-03-23,,56.8391,,,70.45,1237.24
1178,2018-03-24,,57.1072,,,,
1179,2018-03-25,,,,,71.0841,
1180,2018-03-26,7.25,,,,70.12,1264.28
1181,2018-03-27,,57.0039,,,70.11,1242.64
1182,2018-03-28,,57.1747,,,69.53,1231.94
1183,2018-03-29,,57.5598,,,69.34,1272.84
1184,2018-03-30,,57.7626,,,,
1185,2018-03-31,,57.2649,,,,
1186,2018-04-01,,,24969.759104845027,101.82,,
1187,2018-04-02,,,,,67.64,1257.79
1188,2018-04-03,,57.285,,,68.12,1269.02
1189,2018-04-04,,57.5375,,,68.02,1263.52
1190,2018-04-05,,57.7646,,,68.33,1299.03
1191,2018-04-06,,57.5796,,,67.11,1260.46
1192,2018-04-07,,57.8332,,,67.03,
1193,2018-04-08,,,,,67.304,
1194,2018-04-09,,,,,68.65,1253.08
1195,2018-04-10,,58.5714,,,71.04,1299.78
1196,2018-04-11,,62.3699,,,72.06,1296.99
1197,2018-04-12,,64.0626,,,72.02,1310.92
1198,2018-04-13,,62.0659,,,72.58,1307.1
1199,2018-04-14,,61.4311,,,,
1200,2018-04-15,,,,,72.4108,
1201,2018-04-16,,,,,71.42,1309.69
1202,2018-04-17,,62.2794,,,71.58,1333.46
1203,2018-04-18,,61.1454,,,73.48,1377.25
1204,2018-04-19,,61.5539,,,73.78,1380.75
1205,2018-04-20,,60.8583,,,74.06,1369.7
1206,2018-04-21,,61.3222,,,,
1207,2018-04-22,,,,,74.0296,
1208,2018-04-23,,,,,74.71,1351.52
1209,2018-04-24,,61.7655,,,73.86,1356.73
1210,2018-04-25,,61.6644,,,74.0,1348.89
1211,2018-04-26,,61.7494,,,74.74,1382.13
1212,2018-04-27,,62.6027,,,74.2642,1353.37
1213,2018-04-28,,62.726,,,,
1214,2018-04-29,,61.9997,,,73.5131,
1215,2018-04-30,,,,,75.17,1345.96
1216,2018-05-01,,,,103.3,73.13,1332.38
1217,2018-05-02,,,,,73.36,1337.9
1218,2018-05-03,,,,,73.62,1350.71
1219,2018-05-04,,63.486,,,74.87,1363.61
1220,2018-05-05,,63.2012,,,,
1221,2018-05-06,,,,,75.0201,
1222,2018-05-07,,,,,76.17,1362.02
1223,2018-05-08,,62.7148,,,74.85,1355.66
1224,2018-05-09,,63.0066,,,77.21,1367.5
1225,2018-05-10,,,,,77.47,1391.83
1226,2018-05-11,,62.5229,,,77.12,1393.66
1227,2018-05-12,,61.7354,,,,
1228,2018-05-13,,,,,77.1417,
1229,2018-05-14,,,,,78.23,1399.37
1230,2018-05-15,,61.7684,,,78.43,1401.28
1231,2018-05-16,,61.9164,,,79.28,1430.58
1232,2018-05-17,,62.3033,,,79.3,1428.04
1233,2018-05-18,,61.8215,,,78.51,1406.4
1234,2018-05-19,,61.9408,,,,
1235,2018-05-20,,,,,78.9833,
1236,2018-05-21,,,,,79.22,1396.37
1237,2018-05-22,,62.5327,,,79.57,1397.11
1238,2018-05-23,,61.261,,,79.8,1373.09
1239,2018-05-24,,61.5945,,,78.79,1367.52
1240,2018-05-25,,61.409,,,76.44,1345.0
1241,2018-05-26,,61.6659,,,76.33,
1242,2018-05-27,,,,,,
1243,2018-05-28,,,,,75.3,
1244,2018-05-29,,62.271,,,75.39,1308.51
1245,2018-05-30,,62.642,,,77.5,1331.32
1246,2018-05-31,,62.5937,,,77.59,1324.79
1247,2018-06-01,,62.0188,,101.47,76.79,1349.1
1248,2018-06-02,,62.2056,,,,
1249,2018-06-03,,,,,,
1250,2018-06-04,,,,,75.29,1358.01
1251,2018-06-05,,61.929,,,75.38,1366.08
1252,2018-06-06,,61.9822,,,75.36,1392.15
1253,2018-06-07,,62.0064,,,77.32,1354.9
1254,2018-06-08,,61.8125,,,76.46,1354.28
1255,2018-06-09,,62.668,,,,
1256,2018-06-10,,62.3431,,,,
1257,2018-06-11,,,,,76.46,1359.35
1258,2018-06-12,,,,,75.88,1361.38
1259,2018-06-13,,,,,76.74,1354.94
1260,2018-06-14,,63.1164,,,75.94,1347.57
1261,2018-06-15,,62.2511,,,73.44,1313.23
1262,2018-06-16,,62.6851,,,,
1263,2018-06-17,,,,,73.1496,
1264,2018-06-18,,,,,75.34,1316.58
1265,2018-06-19,,63.4838,,,75.08,1285.8
1266,2018-06-20,,64.0683,,,74.74,1304.42
1267,2018-06-21,,63.6175,,,73.05,1277.79
1268,2018-06-22,,63.7873,,,75.55,1305.07
1269,2018-06-23,,63.2396,,,,
1270,2018-06-24,,,,,,
1271,2018-06-25,,,,,74.73,1261.23
1272,2018-06-26,,62.9497,,,76.31,1270.94
1273,2018-06-27,,62.7908,,,77.62,1249.44
1274,2018-06-28,,63.1359,,,77.85,1252.46
1275,2018-06-29,,63.291,,,79.44,1254.86
1276,2018-06-30,,62.7565,,,,
1277,2018-07-01,,,27196.84354996128,100.4,78.6233,
1278,2018-07-02,,,,,77.3,1246.02
1279,2018-07-03,,63.1394,,,77.76,1239.91
1280,2018-07-04,,63.2194,,,78.24,
1281,2018-07-05,,63.2267,,,77.39,1258.22
1282,2018-07-06,,63.2604,,,77.11,1272.52
1283,2018-07-07,,63.1216,,,,
1284,2018-07-08,,,,,77.1799,
1285,2018-07-09,,,,,78.07,1294.6
1286,2018-07-10,,62.8338,,,78.86,1296.25
1287,2018-07-11,,62.4442,,,73.4,1259.46
1288,2018-07-12,,62.098,,,74.45,1271.53
1289,2018-07-13,,62.2062,,,75.33,1273.74
1290,2018-07-14,,62.2934,,,,
1291,2018-07-15,,,,,75.0359,
1292,2018-07-16,,,,,71.84,1262.53
1293,2018-07-17,,62.2556,,,72.16,1281.51
1294,2018-07-18,,62.4352,,,72.9,1295.8
1295,2018-07-19,,62.9006,,,72.58,1270.5
1296,2018-07-20,,63.2746,,,73.07,1276.12
1297,2018-07-21,,63.4888,,,,
1298,2018-07-22,,,,,,
1299,2018-07-23,,,,,73.06,1294.1
1300,2018-07-24,,63.1957,,,73.44,1330.74
1301,2018-07-25,,62.9235,,,73.93,1341.67
1302,2018-07-26,,63.0836,,,74.54,1328.35
1303,2018-07-27,,62.9471,,,74.29,1332.6
1304,2018-07-28,,62.9726,,,,
1305,2018-07-29,,,,,74.3004,
1306,2018-07-30,,,,,74.97,1331.4
1307,2018-07-31,,62.7805,,,74.25,1327.61
1308,2018-08-01,,62.3497,,100.68,72.39,1310.75
1309,2018-08-02,,62.559,,,73.45,1284.93
1310,2018-08-03,,63.1358,,,73.21,1298.71
1311,2018-08-04,,63.4549,,,,
1312,2018-08-05,,,,,,
1313,2018-08-06,,,,,73.75,1286.5
1314,2018-08-07,,63.4975,,,74.65,1288.06
1315,2018-08-08,,63.5425,,,72.28,1284.45
1316,2018-08-09,,63.595,,,72.07,1262.36
1317,2018-08-10,,66.2856,,,72.81,1235.91
1318,2018-08-11,,66.9075,,,,
1319,2018-08-12,,,,,,
1320,2018-08-13,,,,,72.61,1221.64
1321,2018-08-14,,68.2234,,,72.46,1222.74
1322,2018-08-15,,66.7535,,,70.76,1177.28
1323,2018-08-16,,66.3772,,,71.43,1184.02
1324,2018-08-17,,66.8932,,,71.83,1198.97
1325,2018-08-18,,66.8757,,,,
1326,2018-08-19,,,,,71.6599,
1327,2018-08-20,,,,,72.21,1212.48
1328,2018-08-21,,67.1807,,,72.63,1212.93
1329,2018-08-22,,67.1783,,,74.78,1224.62
1330,2018-08-23,,67.6163,,,74.73,1194.01
1331,2018-08-24,,68.5259,,,75.82,1221.96
1332,2018-08-25,,67.7911,,,,
1333,2018-08-26,,,,,75.696,
1334,2018-08-27,,,,,76.21,1242.59
1335,2018-08-28,,67.3963,,,75.95,1239.87
1336,2018-08-29,,67.3911,,,77.14,1242.88
1337,2018-08-30,,68.1451,,,77.409,1208.49
1338,2018-08-31,,68.0821,,,77.3296,1214.95
1339,2018-09-01,,68.0447,,101.46,77.4,
1340,2018-09-02,,,,,,
1341,2018-09-03,,,,,78.15,
1342,2018-09-04,,67.7443,,,78.17,1178.75
1343,2018-09-05,,68.2737,,,77.27,1184.44
1344,2018-09-06,,68.4628,,,76.5,1187.88
1345,2018-09-07,,68.2505,,,76.83,1181.79
1346,2018-09-08,,69.0286,,,,
1347,2018-09-09,,,,,77.3263,
1348,2018-09-10,,,,,77.37,1170.33
1349,2018-09-11,,69.8685,,,79.06,1157.97
1350,2018-09-12,,69.9744,,,79.74,1183.23
1351,2018-09-13,,69.5728,,,78.18,1184.44
1352,2018-09-14,,68.637,,,78.09,1202.23
1353,2018-09-15,,68.2826,,,,
1354,2018-09-16,,,,,78.0318,
1355,2018-09-17,7.5,,,,78.05,1211.52
1356,2018-09-18,,68.1958,,,79.03,1237.01
1357,2018-09-19,,67.7519,,,79.4,1250.02
1358,2018-09-20,,67.0098,,,78.7,1268.48
1359,2018-09-21,,66.4725,,,78.8,1267.09
1360,2018-09-22,,66.2497,,,,
1361,2018-09-23,,,,,79.8998,
1362,2018-09-24,,,,,81.2,1254.86
1363,2018-09-25,,66.1594,,,81.87,1284.38
1364,2018-09-26,,65.8244,,,81.34,1270.97
1365,2018-09-27,,65.7585,,,81.72,1269.58
1366,2018-09-28,,65.8355,,,82.72,1264.69
1367,2018-09-29,,65.5906,,,,
1368,2018-09-30,,,,,,
1369,2018-10-01,,,29220.584141502397,101.64,84.98,1269.97
1370,2018-10-02,,65.5745,,,84.8,1278.49
1371,2018-10-03,,65.2221,,,86.29,1283.81
1372,2018-10-04,,65.4244,,,84.58,1262.75
1373,2018-10-05,,66.2115,,,84.16,1247.15
1374,2018-10-06,,66.627,,,,
1375,2018-10-07,,,,,,
1376,2018-10-08,,,,,83.91,1248.71
1377,2018-10-09,,66.9685,,,85.0,1252.96
1378,2018-10-10,,66.4032,,,83.09,1208.24
1379,2018-10-11,,66.1832,,,80.26,1199.5
1380,2018-10-12,,66.7727,,,80.43,1217.31
1381,2018-10-13,,65.9751,,,,
1382,2018-10-14,,,,,81.8135,
1383,2018-10-15,,,,,80.78,1212.19
1384,2018-10-16,,65.7508,,,81.41,1224.78
1385,2018-10-17,,65.5305,,,80.05,1232.95
1386,2018-10-18,,65.4026,,,79.29,1198.64
1387,2018-10-19,,65.7238,,,79.78,1193.89
1388,2018-10-20,,65.814,,,79.98,
1389,2018-10-21,,,,,79.8533,
1390,2018-10-22,,,,,79.83,1209.46
1391,2018-10-23,,65.3065,,,76.44,1185.91
1392,2018-10-24,,65.3101,,,76.17,1123.41
1393,2018-10-25,,65.6299,,,76.89,1151.89
1394,2018-10-26,,65.7476,,,77.62,1147.21
1395,2018-10-27,,65.6345,,,,
1396,2018-10-28,,,,,77.7582,
1397,2018-10-29,,,,,77.34,1129.31
1398,2018-10-30,,65.8129,,,75.91,1142.27
1399,2018-10-31,,65.7742,,,75.47,1174.67
1400,2018-11-01,,65.5962,,100.25,72.89,1201.92
1401,2018-11-02,,65.6517,,,72.83,1217.86
1402,2018-11-03,,65.5799,,,,
1403,2018-11-04,,,,,72.7048,
1404,2018-11-05,,,,,73.17,1221.1
1405,2018-11-06,,,,,72.13,1222.29
1406,2018-11-07,,65.9912,,,72.07,1230.49
1407,2018-11-08,,66.0918,,,70.65,1212.39
1408,2018-11-09,,66.2155,,,70.18,1181.76
1409,2018-11-10,,66.8497,,,,
1410,2018-11-11,,,,,,
1411,2018-11-12,,,,,70.12,1161.03
1412,2018-11-13,,67.5238,,,65.47,1163.41
1413,2018-11-14,,67.6812,,,66.12,1154.88
1414,2018-11-15,,67.9975,,,66.62,1180.2
1415,2018-11-16,,66.6159,,,66.76,1186.42
1416,2018-11-17,,65.9931,,,,
1417,2018-11-18,,,,,67.271,
1418,2018-11-19,,,,,66.79,1171.74
1419,2018-11-20,,66.0081,,,62.53,1126.0
1420,2018-11-21,,65.5871,,,63.48,1144.85
1421,2018-11-22,,65.9485,,,62.6,
1422,2018-11-23,,65.6067,,,58.8,1102.87
1423,2018-11-24,,65.6664,,,,
1424,2018-11-25,,,,,59.1412,
1425,2018-11-26,,,,,60.48,1089.6
1426,2018-11-27,,66.5072,,,60.21,1063.65
1427,2018-11-28,,66.78,,,58.76,1097.56
1428,2018-11-29,,66.9436,,,59.51,1096.11
1429,2018-11-30,,66.6342,,,58.71,1098.77
1430,2018-12-01,,66.5335,,97.96,,
1431,2018-12-02,,,,,,
1432,2018-12-03,,,,,61.69,1133.11
1433,2018-12-04,,66.2921,,,62.08,1100.23
1434,2018-12-05,,66.4467,,,61.56,
1435,2018-12-06,,66.8242,,,60.06,1083.15
1436,2018-12-07,,66.7377,,,61.67,1058.35
1437,2018-12-08,,66.9227,,,61.4483,
1438,2018-12-09,,,,,61.9685,
1439,2018-12-10,,,,,59.97,1036.9
1440,2018-12-11,,66.2416,,,60.2,1041.85
1441,2018-12-12,,66.5022,,,60.15,1051.68
1442,2018-12-13,,66.4225,,,61.45,1054.71
1443,2018-12-14,,66.255,,,60.28,1037.42
1444,2018-12-15,,66.4337,,,,
1445,2018-12-16,,,,,,
1446,2018-12-17,7.75,,,,59.61,1031.85
1447,2018-12-18,,66.6208,,,56.26,1042.83
1448,2018-12-19,,66.7454,,,57.24,1016.86
1449,2018-12-20,,67.1121,,,54.35,1013.42
1450,2018-12-21,,67.371,,,53.82,1002.11
1451,2018-12-22,,68.0085,,,,
1452,2018-12-23,,,,,53.7322,
1453,2018-12-24,,,,,50.47,983.75
1454,2018-12-25,,68.4073,,,,
1455,2018-12-26,,68.7448,,,54.47,1020.3
1456,2018-12-27,,68.8865,,,52.16,1012.16
1457,2018-12-28,,68.8762,,,52.2,1010.7
1458,2018-12-29,,69.5218,,,,
1459,2018-12-30,,69.4706,,,,
1460,2018-12-31,,,,,53.8,1013.13
1461,2019-01-01,,,24552.081752661506,98.57,,
1462,2019-01-02,,,,,54.91,1026.0
1463,2019-01-03,,,,,55.95,999.85
1464,2019-01-04,,,,,57.06,1063.47
1465,2019-01-05,,,,,,
1466,2019-01-06,,,,,,
1467,2019-01-07,,,,,57.33,1064.11
1468,2019-01-08,,,,,58.72,1080.06
1469,2019-01-09,,,,,61.44,1101.39
1470,2019-01-10,,67.0795,,,61.68,1098.98
1471,2019-01-11,,66.8605,,,60.48,1092.79
1472,2019-01-12,,66.9167,,,,
1473,2019-01-13,,,,,60.9042,
1474,2019-01-14,,,,,58.99,1083.47
1475,2019-01-15,,67.192,,,60.64,1075.79
1476,2019-01-16,,67.082,,,61.32,1088.01
1477,2019-01-17,,66.7617,,,61.18,1104.38
1478,2019-01-18,,66.4438,,,62.7,1118.95
1479,2019-01-19,,66.3309,,,,
1480,2019-01-20,,,,,62.3811,
1481,2019-01-21,,,,,62.74,
1482,2019-01-22,,66.3634,,,61.5,1094.27
1483,2019-01-23,,66.5499,,,61.14,1100.9
1484,2019-01-24,,66.3318,,,61.09,1104.22
1485,2019-01-25,,66.0016,,,61.64,1125.41
1486,2019-01-26,,65.917,,,,
1487,2019-01-27,,,,,61.3722,
1488,2019-01-28,,,,,59.93,1093.92
1489,2019-01-29,,65.93,,,61.32,1103.73
1490,2019-01-30,,66.3412,,,61.65,1146.35
1491,2019-01-31,,66.0987,,,61.89,1151.0
1492,2019-02-01,,65.3577,,99.42,62.75,1138.04
1493,2019-02-02,,65.6601,,,,
1494,2019-02-03,,,,,62.7164,
1495,2019-02-04,,,,,62.51,1138.33
1496,2019-02-05,,65.5859,,,61.98,1135.79
1497,2019-02-06,,65.5691,,,62.69,1127.73
1498,2019-02-07,,65.6686,,,61.63,1110.99
1499,2019-02-08,,66.0199,,,62.1,1105.53
1500,2019-02-09,,66.0628,,,,
1501,2019-02-10,,,,,61.957,
1502,2019-02-11,,,,,61.51,1106.96
1503,2019-02-12,,65.6517,,,62.42,1130.46
1504,2019-02-13,,65.7147,,,63.61,1131.87
1505,2019-02-14,,65.6783,,,64.57,1130.0
1506,2019-02-15,,66.5429,,,66.25,1140.11
1507,2019-02-16,,66.7044,,,,
1508,2019-02-17,,,,,66.5119,
1509,2019-02-18,,,,,66.5,
1510,2019-02-19,,66.247,,,66.45,1144.96
1511,2019-02-20,,66.2022,,,67.08,1164.16
1512,2019-02-21,,65.8568,,,67.07,1166.32
1513,2019-02-22,,65.5401,,,67.12,1182.82
1514,2019-02-23,,65.5149,,,,
1515,2019-02-24,,,,,67.2806,
1516,2019-02-25,,,,,64.76,1192.84
1517,2019-02-26,,65.2582,,,65.21,1184.56
1518,2019-02-27,,65.6182,,,66.39,1175.91
1519,2019-02-28,,65.757,,,66.03,1161.72
1520,2019-03-01,,65.8895,,99.61,65.07,1167.63
1521,2019-03-02,,65.8145,,,,
1522,2019-03-03,,,,,65.3251,
1523,2019-03-04,,,,,65.67,1169.99
1524,2019-03-05,,65.7956,,,65.86,1168.63
1525,2019-03-06,,65.8004,,,65.99,1151.14
1526,2019-03-07,,65.843,,,66.3,1129.32
1527,2019-03-08,,65.9646,,,65.74,1109.79
1528,2019-03-09,,,,,,
1529,2019-03-10,,,,,65.82,
1530,2019-03-11,,,,,66.58,1139.3
1531,2019-03-12,,66.0763,,,66.67,1143.63
1532,2019-03-13,,65.7674,,,67.55,1158.89
1533,2019-03-14,,65.589,,,67.23,1143.66
1534,2019-03-15,,65.4021,,,67.16,1148.5
1535,2019-03-16,,65.4201,,,,
1536,2019-03-17,,,,,67.15,
1537,2019-03-18,,,,,67.54,1166.79
1538,2019-03-19,,64.6694,,,67.61,1166.74
1539,2019-03-20,,64.3167,,,68.5,1165.84
1540,2019-03-21,,64.2803,,,67.86,1171.0
1541,2019-03-22,,63.742,,,67.03,1122.01
1542,2019-03-23,,63.7705,,,,
1543,2019-03-24,,,,,66.92,
1544,2019-03-25,,,,,67.21,1126.24
1545,2019-03-26,,64.4993,,,67.97,1139.77
1546,2019-03-27,,64.1683,,,67.83,1129.19
1547,2019-03-28,,64.5925,,,67.82,1136.55
1548,2019-03-29,,64.8012,,,68.39,1154.44
1549,2019-03-30,,64.7347,,,,
1550,2019-03-31,,,,,,
1551,2019-04-01,,,26567.530502154907,100.49,69.01,1192.67
1552,2019-04-02,,65.4176,,,69.37,1189.78
1553,2019-04-03,,65.4726,,,69.31,1195.45
1554,2019-04-04,,65.1639,,,69.4,1203.73
1555,2019-04-05,,65.3281,,,70.34,1211.39
1556,2019-04-06,,65.4072,,,,
1557,2019-04-07,,,,,70.7454,
1558,2019-04-08,,,,,71.1,1217.67
1559,2019-04-09,,65.3498,,,70.61,1189.75
1560,2019-04-10,,64.7766,,,71.73,1189.85
1561,2019-04-11,,64.7373,,,70.83,1169.31
1562,2019-04-12,,64.3991,,,71.55,1172.22
1563,2019-04-13,,64.5171,,,,
1564,2019-04-14,,,,,71.4821,
1565,2019-04-15,,,,,71.18,1171.64
1566,2019-04-16,,64.2469,,,71.72,1174.31
1567,2019-04-17,,64.2422,,,71.62,1171.94
1568,2019-04-18,,63.945,,,71.97,1162.62
1569,2019-04-19,,64.0688,,,,
1570,2019-04-20,,63.9602,,,,
1571,2019-04-21,,,,,72.5391,
1572,2019-04-22,,,,,74.04,1146.38
1573,2019-04-23,,63.786,,,74.51,1151.07
1574,2019-04-24,,63.7906,,,74.57,1124.83
1575,2019-04-25,,63.9798,,,74.35,1115.31
1576,2019-04-26,,64.6794,,,72.15,1117.48
1577,2019-04-27,,64.7053,,,,
1578,2019-04-28,,,,,71.7043,
1579,2019-04-29,,,,,72.04,1119.4
1580,2019-04-30,,64.6917,,,72.8,1112.9
1581,2019-05-01,,64.6314,,101.55,72.18,1088.07
1582,2019-05-02,,,,,70.75,1086.59
1583,2019-05-03,,,,,70.85,1130.52
1584,2019-05-04,,,,,,
1585,2019-05-05,,,,,69.7051,
1586,2019-05-06,,,,,71.24,1113.6
1587,2019-05-07,,65.335,,,69.88,1098.2
1588,2019-05-08,,65.2166,,,70.37,1088.49
1589,2019-05-09,,65.2287,,,70.39,1083.65
1590,2019-05-10,,,,,70.62,1088.8
1591,2019-05-11,,,,,,
1592,2019-05-12,,,,,70.5647,
1593,2019-05-13,,,,,70.23,1045.01
1594,2019-05-14,,65.4703,,,71.24,1062.52
1595,2019-05-15,,65.3001,,,71.77,1062.86
1596,2019-05-16,,64.8489,,,72.62,1065.1
1597,2019-05-17,,64.5598,,,72.21,1061.34
1598,2019-05-18,,64.6327,,,,
1599,2019-05-19,,,,,72.9762,
1600,2019-05-20,,,,,71.97,1049.27
1601,2019-05-21,,64.4888,,,72.18,1071.37
1602,2019-05-22,,64.5372,,,70.99,1054.65
1603,2019-05-23,,64.4156,,,67.76,1032.79
1604,2019-05-24,,64.4913,,,68.69,1039.81
1605,2019-05-25,,64.6106,,,,
1606,2019-05-26,,,,,69.3316,
1607,2019-05-27,,,,,70.11,
1608,2019-05-28,,64.4636,,,70.11,1042.77
1609,2019-05-29,,64.5394,,,69.45,1034.83
1610,2019-05-30,,64.9084,,,66.87,1027.12
1611,2019-05-31,,65.0583,,,61.99,1006.62
1612,2019-06-01,,65.3834,,99.98,,
1613,2019-06-02,,,,,,
1614,2019-06-03,,,,,61.28,1028.05
1615,2019-06-04,,65.5547,,,61.97,1050.34
1616,2019-06-05,,65.1614,,,60.63,1030.96
1617,2019-06-06,,65.1243,,,61.67,1034.54
1618,2019-06-07,,65.234,,,63.29,1039.26
1619,2019-06-08,,65.0395,,,,
1620,2019-06-09,,,,,,
1621,2019-06-10,,,,,62.29,1046.04
1622,2019-06-11,,64.7919,,,62.29,1078.86
1623,2019-06-12,,64.5158,,,59.97,1068.06
1624,2019-06-13,,,,,61.31,1082.25
1625,2019-06-14,,64.6314,,,62.01,1054.68
1626,2019-06-15,,64.4326,,,,
1627,2019-06-16,,,,,62.2679,
1628,2019-06-17,7.5,,,,60.94,1048.75
1629,2019-06-18,,64.3187,,,62.14,1087.94
1630,2019-06-19,,64.3352,,,61.82,1091.8
1631,2019-06-20,,63.9794,,,64.45,1098.65
1632,2019-06-21,,63.3877,,,65.2,1093.65
1633,2019-06-22,,63.1295,,,,
1634,2019-06-23,,,,,65.5889,
1635,2019-06-24,,,,,64.86,1086.87
1636,2019-06-25,,62.9095,,,65.05,1083.21
1637,2019-06-26,,62.5229,,,66.49,1107.44
1638,2019-06-27,,62.8083,,,66.55,1110.82
1639,2019-06-28,,63.0452,,,66.55,1121.05
1640,2019-06-29,,63.0756,,,,
1641,2019-06-30,,,,,,
1642,2019-07-01,,,28245.508241605505,99.67,65.06,1130.35
1643,2019-07-02,,63.0541,,,62.4,1114.2
1644,2019-07-03,,63.2265,,,63.82,1111.31
1645,2019-07-04,,63.4951,,,63.3,
1646,2019-07-05,,63.4013,,,64.23,1106.06
1647,2019-07-06,,63.5841,,,,
1648,2019-07-07,,,,,64.4943,
1649,2019-07-08,,,,,64.11,1094.35
1650,2019-07-09,,63.8699,,,64.16,1090.43
1651,2019-07-10,,63.766,,,67.01,1093.83
1652,2019-07-11,,63.7988,,,66.52,1090.86
1653,2019-07-12,,62.9944,,,66.72,1103.82
1654,2019-07-13,,63.0204,,,,
1655,2019-07-14,,,,,66.7364,
1656,2019-07-15,,,,,66.48,1112.32
1657,2019-07-16,,62.828,,,64.35,1118.51
1658,2019-07-17,,62.8129,,,63.66,1106.98
1659,2019-07-18,,62.9451,,,61.93,1104.61
1660,2019-07-19,,62.8286,,,62.47,1116.29
1661,2019-07-20,,62.8666,,,,
1662,2019-07-21,,,,,63.358,
1663,2019-07-22,,,,,63.26,1115.08
1664,2019-07-23,,62.9776,,,63.83,1116.53
1665,2019-07-24,,63.129,,,63.18,1106.76
1666,2019-07-25,,63.1162,,,63.39,1097.47
1667,2019-07-26,,63.1572,,,63.46,1098.54
1668,2019-07-27,,63.1271,,,,
1669,2019-07-28,,,,,63.1822,
1670,2019-07-29,7.25,,,,63.71,1092.56
1671,2019-07-30,,63.521,,,64.72,1093.97
1672,2019-07-31,,63.3791,,,65.17,1066.33
1673,2019-08-01,,63.4172,,99.31,60.5,1033.68
1674,2019-08-02,,63.834,,,61.89,1012.86
1675,2019-08-03,,64.6423,,,,
1676,2019-08-04,,,,,61.3144,
1677,2019-08-05,,,,,59.81,976.68
1678,2019-08-06,,65.0546,,,58.94,979.94
1679,2019-08-07,,65.203,,,56.23,970.1
1680,2019-08-08,,65.0932,,,57.38,990.58
1681,2019-08-09,,65.1299,,,58.53,958.24
1682,2019-08-10,,65.2543,,,,
1683,2019-08-11,,,,,58.2546,
1684,2019-08-12,,,,,58.57,928.85
1685,2019-08-13,,65.4287,,,61.3,956.18
1686,2019-08-14,,65.6017,,,59.48,913.21
1687,2019-08-15,,65.2032,,,58.23,902.87
1688,2019-08-16,,65.8907,,,58.64,917.52
1689,2019-08-17,,65.9961,,,,
1690,2019-08-18,,,,,59.1234,
1691,2019-08-19,,,,,59.74,927.38
1692,2019-08-20,,66.6082,,,60.03,925.58
1693,2019-08-21,,66.784,,,60.3,925.84
1694,2019-08-22,,66.263,,,59.92,915.99
1695,2019-08-23,,65.6196,,,59.34,892.05
1696,2019-08-24,,65.6046,,,,
1697,2019-08-25,,,,,58.4911,
1698,2019-08-26,,,,,58.7,893.42
1699,2019-08-27,,65.9735,,,59.51,883.74
1700,2019-08-28,,66.2608,,,60.49,896.9
1701,2019-08-29,,66.4127,,,61.08,
1702,2019-08-30,,66.7471,,,60.43,929.36
1703,2019-08-31,,66.4897,,,,
1704,2019-09-01,,,,99.96,,
1705,2019-09-02,,,,,58.66,
1706,2019-09-03,,66.6235,,,58.26,905.17
1707,2019-09-04,,66.9072,,,60.7,933.9
1708,2019-09-05,,66.5002,,,60.95,953.02
1709,2019-09-06,,66.0528,,,61.54,944.23
1710,2019-09-07,,65.9981,,,,
1711,2019-09-08,,,,,61.8589,
1712,2019-09-09,7.0,,,,62.59,971.34
1713,2019-09-10,,65.5698,,,62.38,1001.78
1714,2019-09-11,,65.4393,,,60.81,1021.36
1715,2019-09-12,,65.4321,,,60.38,1027.94
1716,2019-09-13,,65.1909,,,60.22,1035.27
1717,2019-09-14,,64.4711,,,,
1718,2019-09-15,,,,,68.1699,
1719,2019-09-16,,,,,69.02,1031.81
1720,2019-09-17,,63.8272,,,64.55,1022.43
1721,2019-09-18,,64.1213,,,63.6,1009.25
1722,2019-09-19,,64.429,,,64.4,993.03
1723,2019-09-20,,64.2199,,,64.28,986.94
1724,2019-09-21,,63.8487,,,,
1725,2019-09-22,,,,,64.9971,
1726,2019-09-23,,,,,64.77,985.71
1727,2019-09-24,,63.9453,,,63.1,957.96
1728,2019-09-25,,63.706,,,62.39,976.1
1729,2019-09-26,,64.1873,,,62.74,961.09
1730,2019-09-27,,64.2888,,,61.91,961.86
1731,2019-09-28,,64.4156,,,,
1732,2019-09-29,,,,,62.0986,
1733,2019-09-30,,,,,60.78,965.09
1734,2019-10-01,,64.6407,29876.415910811713,100.01,58.89,952.21
1735,2019-10-02,,65.067,,,57.69,923.79
1736,2019-10-03,,65.4399,,,57.71,932.16
1737,2019-10-04,,65.1312,,,58.37,944.22
1738,2019-10-05,,65.03,,,,
1739,2019-10-06,,,,,58.3012,
1740,2019-10-07,,,,,58.35,934.72
1741,2019-10-08,,64.8259,,,58.24,917.64
1742,2019-10-09,,64.8672,,,58.32,918.05
1743,2019-10-10,,65.0976,,,59.1,944.94
1744,2019-10-11,,64.7416,,,60.51,981.56
1745,2019-10-12,,64.2237,,,,
1746,2019-10-13,,,,,60.5757,
1747,2019-10-14,,,,,59.35,961.56
1748,2019-10-15,,64.3652,,,58.74,968.98
1749,2019-10-16,,64.2548,,,59.42,949.86
1750,2019-10-17,,64.3455,,,59.91,953.7
1751,2019-10-18,,64.0144,,,59.42,953.26
1752,2019-10-19,,63.9542,,,,
1753,2019-10-20,,,,,59.2711,
1754,2019-10-21,,,,,58.96,961.27
1755,2019-10-22,,63.7606,,,59.7,973.29
1756,2019-10-23,,63.6336,,,61.17,974.3
1757,2019-10-24,,63.7997,,,61.67,970.24
1758,2019-10-25,,63.86,,,62.02,985.44
1759,2019-10-26,,63.9966,,,,
1760,2019-10-27,,,,,62.1092,
1761,2019-10-28,6.5,,,,61.57,1004.36
1762,2019-10-29,,63.87,,,61.59,1006.09
1763,2019-10-30,,63.832,,,60.61,996.66
1764,2019-10-31,,63.8734,,,60.23,981.77
1765,2019-11-01,,63.7748,,99.06,61.69,1024.32
1766,2019-11-02,,64.0316,,,,
1767,2019-11-03,,,,,61.7184,
1768,2019-11-04,,,,,62.13,1039.7
1769,2019-11-05,,,,,62.96,1044.39
1770,2019-11-06,,63.248,,,61.74,1030.16
1771,2019-11-07,,63.588,,,62.29,1047.62
1772,2019-11-08,,63.7298,,,62.51,1037.88
1773,2019-11-09,,63.7295,,,,
1774,2019-11-10,,,,,62.4458,
1775,2019-11-11,,,,,62.18,1030.87
1776,2019-11-12,,63.9121,,,62.06,1024.63
1777,2019-11-13,,63.853,,,62.37,1003.85
1778,2019-11-14,,64.2009,,,62.3481,1000.18
1779,2019-11-15,,64.2101,,,63.4035,1014.16
1780,2019-11-16,,63.8881,,,,
1781,2019-11-17,,,,,63.4176,
1782,2019-11-18,,,,,62.3056,1011.16
1783,2019-11-19,,63.7542,,,60.8161,1010.51
1784,2019-11-20,,63.773,,,62.3786,1001.98
1785,2019-11-21,,64.0213,,,63.7434,1011.88
1786,2019-11-22,,63.843,,,63.579,1032.78
1787,2019-11-23,,63.7101,,,,
1788,2019-11-24,,,,,63.5686,
1789,2019-11-25,,,,,63.5925,1051.67
1790,2019-11-26,,63.7637,,,64.1027,1053.79
1791,2019-11-27,,64.0239,,,63.9363,1057.51
1792,2019-11-28,,63.9722,,,63.124,
1793,2019-11-29,,64.1005,,,60.5608,1043.79
1794,2019-11-30,,64.0817,,,,
1795,2019-12-01,,,,98.89,61.1021,
1796,2019-12-02,,,,,61.0183,1054.94
1797,2019-12-03,,64.4097,,,61.126,1037.15
1798,2019-12-04,,64.1401,,,63.1221,1052.56
1799,2019-12-05,,64.1948,,,63.3103,1055.87
1800,2019-12-06,,63.8135,,,64.2857,1078.6
1801,2019-12-07,,63.7185,,,,
1802,2019-12-08,,,,,64.2923,
1803,2019-12-09,,,,,63.9951,1081.0
1804,2019-12-10,,63.7244,,,64.1271,1079.72
1805,2019-12-11,,63.5788,,,63.9741,1087.33
1806,2019-12-12,,63.5653,,,64.5333,1109.11
1807,2019-12-13,,63.2257,,,64.8889,1098.66
1808,2019-12-14,,62.5544,,,,
1809,2019-12-15,,,,,65.0221,
1810,2019-12-16,6.25,,,,65.3442,1093.45
1811,2019-12-17,,62.7686,,,65.8607,1104.07
1812,2019-12-18,,62.5326,,,66.1617,1103.37
1813,2019-12-19,,62.5831,,,66.5484,1099.67
1814,2019-12-20,,62.5283,,,65.0418,1094.58
1815,2019-12-21,,62.4071,,,,
1816,2019-12-22,,,,,,
1817,2019-12-23,,,,,65.4767,1102.79
1818,2019-12-24,,62.2499,,,66.0053,1105.22
1819,2019-12-25,,62.1673,,,66.1427,
1820,2019-12-26,,61.7164,,,66.762,1110.98
1821,2019-12-27,,61.7676,,,66.8472,1099.25
1822,2019-12-28,,62.0315,,,,
1823,2019-12-29,,,,,66.9149,
1824,2019-12-30,,,,,66.6103,1098.31
1825,2019-12-31,,61.9057,,,66.2279,1099.33
1826,2020-01-01,,61.9057,24756.713680356825,100.56,66.3929,
1827,2020-01-02,,,,,66.2512,1106.12
1828,2020-01-03,,,,,68.6226,1091.15
1829,2020-01-04,,,,,,
1830,2020-01-05,,,,,69.4577,
1831,2020-01-06,,,,,68.91,1080.33
1832,2020-01-07,,,,,68.27,1088.77
1833,2020-01-08,,,,,64.79,1092.06
1834,2020-01-09,,,,,65.3377,1084.98
1835,2020-01-10,,61.234,,,65.021,1077.63
1836,2020-01-11,,61.2632,,,,
1837,2020-01-12,,,,,64.84,
1838,2020-01-13,,,,,64.2342,1097.49
1839,2020-01-14,,60.9474,,,64.4199,1103.0
1840,2020-01-15,,61.414,,,64.0,1088.3
1841,2020-01-16,,61.4328,,,64.62,1087.07
1842,2020-01-17,,61.5694,,,64.85,1097.23
1843,2020-01-18,,61.5333,,,,
1844,2020-01-19,,,,,,
1845,2020-01-20,,,,,65.2,
1846,2020-01-21,,61.4654,,,64.5758,1068.72
1847,2020-01-22,,61.8552,,,63.21,1081.45
1848,2020-01-23,,61.8343,,,62.04,1074.1
1849,2020-01-24,,61.9515,,,60.69,1051.57
1850,2020-01-25,,61.8031,,,,
1851,2020-01-26,,,,,,
1852,2020-01-27,,,,,59.32,1006.92
1853,2020-01-28,,62.338,,,59.51,1011.17
1854,2020-01-29,,62.8299,,,59.81,1005.65
1855,2020-01-30,,62.3934,,,58.29,1008.4
1856,2020-01-31,,63.0359,,,56.62,977.23
1857,2020-02-01,,63.1385,,100.1,,
1858,2020-02-02,,,,,,
1859,2020-02-03,,,,,54.45,984.1
1860,2020-02-04,,63.9091,,,53.96,1015.77
1861,2020-02-05,,63.4342,,,55.28,1031.98
1862,2020-02-06,,63.1742,,,54.93,1031.54
1863,2020-02-07,,62.7977,,,54.5036,1009.04
1864,2020-02-08,,63.472,,,,
1865,2020-02-09,,,,,,
1866,2020-02-10,6.0,,,,53.27,1000.77
1867,2020-02-11,,63.7708,,,54.01,1018.67
1868,2020-02-12,,63.949,,,55.79,1025.43
1869,2020-02-13,,63.047,,,56.34,1015.58
1870,2020-02-14,,63.6016,,,57.32,1004.37
1871,2020-02-15,,63.4536,,,,
1872,2020-02-16,,,,,,
1873,2020-02-17,,,,,,
1874,2020-02-18,,63.3085,,,57.75,998.99
1875,2020-02-19,,63.7698,,,59.12,1006.51
1876,2020-02-20,,63.6873,,,59.31,993.01
1877,2020-02-21,,63.7413,,,58.2434,985.83
1878,2020-02-22,,64.3008,,,,
1879,2020-02-23,,,,,,
1880,2020-02-24,,,,,56.3,939.61
1881,2020-02-25,,,,,54.95,910.98
1882,2020-02-26,,64.9213,,,53.43,900.44
1883,2020-02-27,,65.5177,,,52.18,866.21
1884,2020-02-28,,65.6097,,,50.52,854.34
1885,2020-02-29,,66.9909,,,,
1886,2020-03-01,,,,100.31,,
1887,2020-03-02,,,,,52.0486,878.47
1888,2020-03-03,,66.3274,,,51.9,866.61
1889,2020-03-04,,66.4437,,,51.4,892.63
1890,2020-03-05,,66.0784,,,49.93,848.37
1891,2020-03-06,,66.1854,,,45.5,806.55
1892,2020-03-07,,67.5175,,,,
1893,2020-03-08,,,,,,
1894,2020-03-09,,,,,33.44,689.9
1895,2020-03-10,,,,,37.81,736.91
1896,2020-03-11,,72.0208,,,35.79,680.51
1897,2020-03-12,,71.472,,,32.66,594.56
1898,2020-03-13,,74.0274,,,34.67,668.14
1899,2020-03-14,,73.1882,,,,
1900,2020-03-15,,,,,,
1901,2020-03-16,,,,,29.51,584.41
1902,2020-03-17,,74.1262,,,28.62,605.07
1903,2020-03-18,,73.8896,,,24.88,530.45
1904,2020-03-19,,77.2131,,,28.47,552.98
1905,2020-03-20,,80.157,,,26.98,539.41
1906,2020-03-21,,78.0443,,,,
1907,2020-03-22,,,,,,
1908,2020-03-23,,,,,27.46,520.97
1909,2020-03-24,,80.8815,,,27.47,582.2
1910,2020-03-25,,78.8493,,,27.45,603.34
1911,2020-03-26,,77.7928,,,26.34,634.69
1912,2020-03-27,,78.7223,,,24.93,603.19
1913,2020-03-28,,77.7325,,,,
1914,2020-03-29,,,,,,
1915,2020-03-30,,,,,22.76,614.17
1916,2020-03-31,,,,,22.74,630.61
1917,2020-04-01,,,23661.924729717914,97.29,24.74,606.93
1918,2020-04-02,,,,,29.94,615.85
1919,2020-04-03,,,,,34.11,593.23
1920,2020-04-04,,,,,,
1921,2020-04-05,,,,,,
1922,2020-04-06,,,,,33.05,632.95
1923,2020-04-07,,76.4074,,,31.87,640.73
1924,2020-04-08,,75.455,,,32.84,663.18
1925,2020-04-09,,75.7499,,,31.48,675.34
1926,2020-04-10,,74.605,,,,
1927,2020-04-11,,73.7515,,,,
1928,2020-04-12,,,,,,
1929,2020-04-13,,,,,31.74,669.82
1930,2020-04-14,,73.5245,,,29.6,673.14
1931,2020-04-15,,73.315,,,27.69,636.37
1932,2020-04-16,,73.7145,,,27.82,634.98
1933,2020-04-17,,74.7119,,,28.08,660.67
1934,2020-04-18,,73.9441,,,,
1935,2020-04-19,,,,,,
1936,2020-04-20,,,,,25.57,636.54
1937,2020-04-21,,74.6657,,,19.33,623.61
1938,2020-04-22,,76.2562,,,20.37,635.97
1939,2020-04-23,,77.0416,,,21.33,644.96
1940,2020-04-24,,75.129,,,21.44,636.46
1941,2020-04-25,,74.7163,,,,
1942,2020-04-26,,,,,,
1943,2020-04-27,5.5,,,,19.99,661.96
1944,2020-04-28,,74.496,,,20.46,672.57
1945,2020-04-29,,74.5706,,,22.54,725.12
1946,2020-04-30,,73.6894,,,25.27,685.03
1947,2020-05-01,,72.7263,,99.72,26.44,662.22
1948,2020-05-02,,,,,,
1949,2020-05-03,,,,,,
1950,2020-05-04,,,,,27.2,667.9
1951,2020-05-05,,,,,30.97,661.38
1952,2020-05-06,,,,,29.72,654.91
1953,2020-05-07,,73.9719,,,29.46,671.22
1954,2020-05-08,,74.1169,,,30.97,702.06
1955,2020-05-09,,73.8725,,,,
1956,2020-05-10,,,,,,
1957,2020-05-11,,,,,29.63,667.95
1958,2020-05-12,,,,,29.98,652.01
1959,2020-05-13,,73.4326,,,29.19,630.72
1960,2020-05-14,,73.5819,,,31.13,641.48
1961,2020-05-15,,73.9298,,,32.5,645.87
1962,2020-05-16,,73.2056,,,,
1963,2020-05-17,,,,,,
1964,2020-05-18,,,,,34.81,697.24
1965,2020-05-19,,72.9798,,,34.65,690.71
1966,2020-05-20,,72.3918,,,35.75,703.07
1967,2020-05-21,,72.3381,,,36.06,696.52
1968,2020-05-22,,70.924,,,35.13,692.5
1969,2020-05-23,,71.8804,,,,
1970,2020-05-24,,,,,,
1971,2020-05-25,,,,,35.53,
1972,2020-05-26,,71.5962,,,36.17,718.45
1973,2020-05-27,,71.1408,,,34.74,753.87
1974,2020-05-28,,71.0635,,,35.29,742.38
1975,2020-05-29,,71.1012,,,37.84,749.21
1976,2020-05-30,,70.752,,,,
1977,2020-05-31,,,,,,
1978,2020-06-01,,,,101.6,38.32,761.8
1979,2020-06-02,,69.7114,,,39.6,785.91
1980,2020-06-03,,68.9831,,,39.79,817.57
1981,2020-06-04,,68.3413,,,39.94,833.71
1982,2020-06-05,,69.0151,,,42.3,858.03
1983,2020-06-06,,68.6319,,,,
1984,2020-06-07,,,,,,
1985,2020-06-08,,,,,40.76,887.9
1986,2020-06-09,,68.3123,,,40.64,867.83
1987,2020-06-10,,68.6745,,,41.22,846.35
1988,2020-06-11,,68.6183,,,38.33,765.56
1989,2020-06-12,,69.1219,,,38.9,800.65
1990,2020-06-13,,,,,,
1991,2020-06-14,,,,,,
1992,2020-06-15,,,,,39.79,802.38
1993,2020-06-16,,70.395,,,40.67,830.16
1994,2020-06-17,,69.7524,,,40.53,815.56
1995,2020-06-18,,69.4822,,,41.46,808.29
1996,2020-06-19,,69.618,,,42.19,795.46
1997,2020-06-20,,69.5725,,,,
1998,2020-06-21,,,,,,
1999,2020-06-22,4.5,,,,43.03,801.58
2000,2020-06-23,,69.4835,,,42.63,810.79
2001,2020-06-24,,68.8376,,,40.26,782.74
2002,2020-06-25,,68.8376,,,41.05,800.29
2003,2020-06-26,,69.466,,,40.71,770.2
2004,2020-06-27,,69.1284,,,,
2005,2020-06-28,,,,,,
2006,2020-06-29,,,,,41.46,785.5
2007,2020-06-30,,69.9513,,,41.14,791.98
2008,2020-07-01,,70.4413,27580.83438871347,101.67,41.91,779.85
2009,2020-07-02,,70.4413,,,43.14,790.09
2010,2020-07-03,,70.5198,,,42.8,
2011,2020-07-04,,70.4999,,,,
2012,2020-07-05,,,,,,
2013,2020-07-06,,,,,43.1,805.84
2014,2020-07-07,,71.3409,,,43.08,787.28
2015,2020-07-08,,72.1719,,,43.29,791.85
2016,2020-07-09,,71.2379,,,42.35,777.93
2017,2020-07-10,,70.88,,,43.24,803.53
2018,2020-07-11,,71.2298,,,,
2019,2020-07-12,,,,,,
2020,2020-07-13,,,,,42.72,800.45
2021,2020-07-14,,70.7479,,,42.9,828.04
2022,2020-07-15,,71.1275,,,43.79,834.67
2023,2020-07-16,,70.7998,,,43.37,825.6
2024,2020-07-17,,71.231,,,43.14,821.47
2025,2020-07-18,,71.7139,,,,
2026,2020-07-19,,,,,,
2027,2020-07-20,,,,,43.28,819.58
2028,2020-07-21,,71.9628,,,44.32,830.89
2029,2020-07-22,,70.9668,,,44.29,838.65
2030,2020-07-23,,70.7881,,,43.31,831.59
2031,2020-07-24,,70.963,,,43.34,830.81
2032,2020-07-25,,71.5974,,,,
2033,2020-07-26,,,,,,
2034,2020-07-27,4.25,,,,43.41,851.68
2035,2020-07-28,,71.585,,,43.22,833.73
2036,2020-07-29,,71.9196,,,43.75,853.87
2037,2020-07-30,,72.2348,,,42.94,838.06
2038,2020-07-31,,73.3633,,,43.3,821.4
2039,2020-08-01,,73.4261,,100.66,,
2040,2020-08-02,,,,,,
2041,2020-08-03,,,,,44.15,837.48
2042,2020-08-04,,74.1586,,,44.43,844.29
2043,2020-08-05,,73.3806,,,45.17,870.02
2044,2020-08-06,,73.2806,,,45.09,862.99
2045,2020-08-07,,73.0397,,,44.4,856.57
2046,2020-08-08,,73.6376,,,,
2047,2020-08-09,,,,,,
2048,2020-08-10,,,,,44.99,886.7
2049,2020-08-11,,73.775,,,44.5,887.26
2050,2020-08-12,,73.1522,,,45.43,890.78
2051,2020-08-13,,73.2351,,,44.96,882.47
2052,2020-08-14,,73.6067,,,44.93,886.7
2053,2020-08-15,,73.2157,,,,
2054,2020-08-16,,,,,,
2055,2020-08-17,,,,,45.37,890.96
2056,2020-08-18,,72.9676,,,45.46,898.31
2057,2020-08-19,,73.4321,,,45.37,889.02
2058,2020-08-20,,73.2392,,,44.9,888.84
2059,2020-08-21,,73.7711,,,44.35,868.51
2060,2020-08-22,,74.0999,,,,
2061,2020-08-23,,,,,,
2062,2020-08-24,,,,,45.01,885.72
2063,2020-08-25,,74.4184,,,45.86,883.45
2064,2020-08-26,,74.5126,,,45.64,879.55
2065,2020-08-27,,75.5379,,,45.6,875.69
2066,2020-08-28,,75.2354,,,45.05,896.2
2067,2020-08-29,,74.6382,,,,
2068,2020-08-30,,,,,,
2069,2020-08-31,,,,,45.55,881.22
2070,2020-09-01,,73.8039,,100.73,45.58,902.91
2071,2020-09-02,,73.5849,,,44.43,907.26
2072,2020-09-03,,73.8588,,,43.99,888.26
2073,2020-09-04,,75.468,,,42.66,899.31
2074,2020-09-05,,75.1823,,,,
2075,2020-09-06,,,,,,
2076,2020-09-07,,,,,41.9,
2077,2020-09-08,,75.591,,,39.78,872.38
2078,2020-09-09,,75.9645,,,40.79,888.63
2079,2020-09-10,,76.0713,,,40.06,873.55
2080,2020-09-11,,75.5274,,,39.83,890.82
2081,2020-09-12,,74.8896,,,,
2082,2020-09-13,,,,,,
2083,2020-09-14,,,,,39.61,904.67
2084,2020-09-15,,74.7148,,,40.53,916.48
2085,2020-09-16,,75.1884,,,42.22,919.94
2086,2020-09-17,,74.9278,,,43.3,939.45
2087,2020-09-18,,75.1941,,,43.15,932.81
2088,2020-09-19,,75.0319,,,,
2089,2020-09-20,,,,,,
2090,2020-09-21,,,,,41.44,884.03
2091,2020-09-22,,76.0381,,,41.72,881.55
2092,2020-09-23,,76.2711,,,41.77,866.23
2093,2020-09-24,,76.3545,,,41.94,869.21
2094,2020-09-25,,77.178,,,41.92,874.56
2095,2020-09-26,,76.8195,,,,
2096,2020-09-27,,,,,,
2097,2020-09-28,,,,,42.43,891.68
2098,2020-09-29,,78.6713,,,41.03,877.04
2099,2020-09-30,,79.6845,,,40.95,882.48
2100,2020-10-01,,78.7847,30967.98662940514,101.23,40.93,889.55
2101,2020-10-02,,77.2774,,,39.27,901.55
2102,2020-10-03,,78.0915,,,,
2103,2020-10-04,,,,,,
2104,2020-10-05,,,,,41.29,930.5
2105,2020-10-06,,78.1281,,,42.65,915.42
2106,2020-10-07,,78.5119,,,41.99,939.86
2107,2020-10-08,,78.0921,,,43.34,950.23
2108,2020-10-09,,77.9157,,,42.85,941.99
2109,2020-10-10,,77.0284,,,,
2110,2020-10-11,,,,,,
2111,2020-10-12,,,,,41.72,937.68
2112,2020-10-13,,77.0239,,,42.45,927.1
2113,2020-10-14,,77.2855,,,43.32,932.52
2114,2020-10-15,,77.2759,,,43.16,936.8
2115,2020-10-16,,77.9461,,,42.93,938.25
2116,2020-10-17,,77.9644,,,,
2117,2020-10-18,,,,,,
2118,2020-10-19,,,,,42.62,935.56
2119,2020-10-20,,77.9241,,,43.16,939.78
2120,2020-10-21,,77.778,,,41.73,943.4
2121,2020-10-22,,77.0322,,,42.46,956.12
2122,2020-10-23,,77.0809,,,41.77,967.94
2123,2020-10-24,,76.4667,,,,
2124,2020-10-25,,,,,,
2125,2020-10-26,,,,,40.46,942.04
2126,2020-10-27,,76.4443,,,41.2,934.75
2127,2020-10-28,,76.4556,,,39.12,896.73
2128,2020-10-29,,77.552,,,37.65,917.67
2129,2020-10-30,,78.8699,,,37.94,911.89
2130,2020-10-31,,79.3323,,,,
2131,2020-11-01,,,,101.13,,
2132,2020-11-02,,,,,38.97,928.82
2133,2020-11-03,,80.5749,,,39.71,949.92
2134,2020-11-04,,80.0006,,,41.23,914.89
2135,2020-11-05,,,,,40.93,957.39
2136,2020-11-06,,78.4559,,,39.45,970.1
2137,2020-11-07,,77.1875,,,,
2138,2020-11-08,,,,,,
2139,2020-11-09,,,,,42.4,1006.35
2140,2020-11-10,,76.9515,,,43.61,1009.45
2141,2020-11-11,,76.3978,,,43.8,1009.32
2142,2020-11-12,,76.2075,,,43.53,993.02
2143,2020-11-13,,77.1148,,,42.78,1022.39
2144,2020-11-14,,77.3262,,,,
2145,2020-11-15,,,,,,
2146,2020-11-16,,,,,43.82,1063.51
2147,2020-11-17,,76.9197,,,43.75,1069.37
2148,2020-11-18,,76.253,,,44.34,1053.78
2149,2020-11-19,,75.9268,,,44.2,1059.27
2150,2020-11-20,,76.2627,,,44.96,1059.73
2151,2020-11-21,,76.012,,,,
2152,2020-11-22,,,,,,
2153,2020-11-23,,,,,46.06,1093.67
2154,2020-11-24,,75.76,,,47.86,1154.42
2155,2020-11-25,,75.8146,,,48.61,1148.25
2156,2020-11-26,,75.4727,,,47.8,
2157,2020-11-27,,75.4518,,,48.18,1154.58
2158,2020-11-28,,75.8599,,,,
2159,2020-11-29,,,,,,
2160,2020-11-30,,,,,47.59,1130.25
2161,2020-12-01,,76.1999,,100.92,47.42,1180.97
2162,2020-12-02,,76.3203,,,48.25,1191.54
2163,2020-12-03,,75.6151,,,48.71,1192.58
2164,2020-12-04,,75.1996,,,49.25,1246.86
2165,2020-12-05,,74.2529,,,,
2166,2020-12-06,,,,,,
2167,2020-12-07,,,,,48.79,1251.4
2168,2020-12-08,,74.2506,,,48.84,1263.38
2169,2020-12-09,,73.6618,,,48.86,1250.36
2170,2020-12-10,,73.3057,,,50.25,1296.22
2171,2020-12-11,,73.7124,,,49.97,1277.51
2172,2020-12-12,,73.1195,,,,
2173,2020-12-13,,,,,,
2174,2020-12-14,,,,,50.29,1257.21
2175,2020-12-15,,72.9272,,,50.76,1297.99
2176,2020-12-16,,73.4453,,,51.08,1295.64
2177,2020-12-17,,73.4201,,,51.5,1304.0
2178,2020-12-18,,72.9781,,,52.26,1287.11
2179,2020-12-19,,73.3155,,,,
2180,2020-12-20,,,,,,
2181,2020-12-21,,,,,50.91,1284.48
2182,2020-12-22,,74.6721,,,50.08,1270.7
2183,2020-12-23,,75.3498,,,51.2,1286.57
2184,2020-12-24,,75.4571,,,51.29,1288.21
2185,2020-12-25,,74.8392,,,,
2186,2020-12-26,,73.6921,,,,
2187,2020-12-27,,,,,,
2188,2020-12-28,,,,,50.86,1277.45
2189,2020-12-29,,73.7175,,,51.09,1282.15
2190,2020-12-30,,73.6567,,,51.34,1301.45
2191,2020-12-31,,73.8757,,,51.8,1292.26
2192,2021-01-01,,73.8757,26770.985218669663,102.2,,
2193,2021-01-02,,,,,,
2194,2021-01-03,,,,,,
2195,2021-01-04,,,,,51.09,1321.56
2196,2021-01-05,,,,,53.6,1369.83
2197,2021-01-06,,,,,54.3,1439.32
2198,2021-01-07,,,,,54.57,1467.35
2199,2021-01-08,,,,,55.99,1464.12
2200,2021-01-09,,,,,,
2201,2021-01-10,,,,,,
2202,2021-01-11,,,,,55.66,1444.94
2203,2021-01-12,,74.5157,,,56.58,1463.73
2204,2021-01-13,,74.2663,,,56.06,1424.06
2205,2021-01-14,,73.5264,,,56.42,1453.98
2206,2021-01-15,,73.7961,,,55.1,1383.71
2207,2021-01-16,,73.5453,,,,
2208,2021-01-17,,,,,,
2209,2021-01-18,,,,,54.75,
2210,2021-01-19,,73.9735,,,55.9,1388.28
2211,2021-01-20,,73.7243,,,56.08,1385.57
2212,2021-01-21,,73.355,,,56.1,1361.63
2213,2021-01-22,,73.3694,,,55.41,1350.38
2214,2021-01-23,,74.3615,,,,
2215,2021-01-24,,,,,,
2216,2021-01-25,,,,,55.88,1335.63
2217,2021-01-26,,74.8569,,,55.91,1322.55
2218,2021-01-27,,75.6354,,,55.81,1287.6
2219,2021-01-28,,75.04,,,55.53,1302.83
2220,2021-01-29,,76.1854,,,55.04,1255.59
2221,2021-01-30,,76.2527,,,,
2222,2021-01-31,,,,,,
2223,2021-02-01,,,,102.8,56.35,1294.81
2224,2021-02-02,,75.5053,,,57.46,1289.42
2225,2021-02-03,,75.9051,,,58.46,1300.95
2226,2021-02-04,,76.0801,,,58.84,1308.06
2227,2021-02-05,,75.7293,,,59.34,1336.06
2228,2021-02-06,,75.1107,,,,
2229,2021-02-07,,,,,,
2230,2021-02-08,,,,,60.56,1369.77
2231,2021-02-09,,74.2602,,,61.09,1366.86
2232,2021-02-10,,74.1192,,,61.47,1372.81
2233,2021-02-11,,73.8526,,,61.14,1363.9
2234,2021-02-12,,73.7579,,,62.43,1378.79
2235,2021-02-13,,73.9378,,,,
2236,2021-02-14,,,,,,
2237,2021-02-15,,,,,63.3,
2238,2021-02-16,,73.3092,,,63.35,1421.23
2239,2021-02-17,,73.2895,,,64.34,1414.13
2240,2021-02-18,,73.7669,,,63.93,1399.09
2241,2021-02-19,,73.7755,,,62.91,1436.92
2242,2021-02-20,,73.9717,,,,
2243,2021-02-21,,73.9833,,,,
2244,2021-02-22,,,,,65.24,1458.02
2245,2021-02-23,,,,,65.37,1467.19
2246,2021-02-24,,,,,67.04,1501.76
2247,2021-02-25,,73.7532,,,66.88,1451.37
2248,2021-02-26,,73.4747,,,64.42,1406.99
2249,2021-02-27,,74.4373,,,,
2250,2021-02-28,,,,,,
2251,2021-03-01,,,,102.9,63.69,1469.01
2252,2021-03-02,,74.0448,,,62.7,1486.47
2253,2021-03-03,,74.5755,,,64.07,1503.14
2254,2021-03-04,,73.5187,,,66.74,1438.25
2255,2021-03-05,,73.7864,,,69.36,1490.19
2256,2021-03-06,,74.4275,,,,
2257,2021-03-07,,,,,,
2258,2021-03-08,,,,,68.24,1508.62
2259,2021-03-09,,,,,67.52,1505.24
2260,2021-03-10,,74.264,,,67.9,1511.41
2261,2021-03-11,,74.0393,,,69.63,1566.9
2262,2021-03-12,,73.4996,,,69.22,1565.23
2263,2021-03-13,,73.5081,,,,
2264,2021-03-14,,,,,,
2265,2021-03-15,,,,,68.88,
2266,2021-03-16,,73.2317,,,68.39,1531.16
2267,2021-03-17,,72.9619,,,68.0,1547.04
2268,2021-03-18,,73.1019,,,63.28,1521.86
2269,2021-03-19,,73.6582,,,64.53,1521.6
2270,2021-03-20,,74.139,,,,
2271,2021-03-21,,,,,,
2272,2021-03-22,4.5,,,,64.62,1503.92
2273,2021-03-23,,74.6085,,,60.79,1447.26
2274,2021-03-24,,75.3585,,,64.41,1461.35
2275,2021-03-25,,76.1535,,,61.95,1478.03
2276,2021-03-26,,76.1741,,,64.57,1561.96
2277,2021-03-27,,75.7576,,,,
2278,2021-03-28,,,,,,
2279,2021-03-29,,,,,64.98,1547.83
2280,2021-03-30,,75.8287,,,64.14,1575.72
2281,2021-03-31,,75.7023,,,62.74,1600.47
2282,2021-04-01,,75.6373,30853.08705604787,102.6,64.86,1593.3
2283,2021-04-02,,75.8073,,,,
2284,2021-04-03,,76.0734,,,,
2285,2021-04-04,,,,,,
2286,2021-04-05,,,,,62.15,1630.82
2287,2021-04-06,,76.6052,,,62.74,1615.61
2288,2021-04-07,,76.3802,,,63.16,1621.07
2289,2021-04-08,,77.773,,,63.2,1619.6
2290,2021-04-09,,77.1011,,,62.95,1603.14
2291,2021-04-10,,77.1657,,,,
2292,2021-04-11,,,,,,
2293,2021-04-12,,,,,63.28,1591.39
2294,2021-04-13,,77.5104,,,63.67,1590.48
2295,2021-04-14,,77.2535,,,66.58,1639.6
2296,2021-04-15,,75.6826,,,66.94,1648.48
2297,2021-04-16,,76.9808,,,66.77,1667.62
2298,2021-04-17,,75.5535,,,,
2299,2021-04-18,,,,,,
2300,2021-04-19,,,,,67.05,1665.74
2301,2021-04-20,,76.2491,,,66.57,1628.09
2302,2021-04-21,,76.0155,,,65.32,1658.98
2303,2021-04-22,,76.8198,,,65.4,1647.17
2304,2021-04-23,,76.4217,,,66.11,1687.6
2305,2021-04-24,,75.0893,,,,
2306,2021-04-25,,,,,,
2307,2021-04-26,5.0,,,,65.65,1738.36
2308,2021-04-27,,74.768,,,66.42,1734.21
2309,2021-04-28,,74.9578,,,67.27,1753.49
2310,2021-04-29,,74.939,,,68.56,1744.86
2311,2021-04-30,,74.3823,,,66.76,1701.78
2312,2021-05-01,,74.8451,,103.1,,
2313,2021-05-02,,,,,,
2314,2021-05-03,,,,,67.56,1737.32
2315,2021-05-04,,,,,68.88,1772.92
2316,2021-05-05,,75.2567,,,68.96,1803.53
2317,2021-05-06,,74.8617,,,68.09,1854.66
2318,2021-05-07,,74.577,,,68.28,1893.74
2319,2021-05-08,,74.1373,,,,
2320,2021-05-09,,,,,,
2321,2021-05-10,,,,,68.32,1895.48
2322,2021-05-11,,,,,68.55,1927.01
2323,2021-05-12,,74.1567,,,69.32,1835.93
2324,2021-05-13,,74.04,,,67.05,1833.25
2325,2021-05-14,,74.3566,,,68.71,1825.25
2326,2021-05-15,,73.9968,,,,
2327,2021-05-16,,,,,,
2328,2021-05-17,,,,,69.46,1862.97
2329,2021-05-18,,73.8537,,,68.71,1853.25
2330,2021-05-19,,73.6992,,,66.66,1792.67
2331,2021-05-20,,73.6778,,,65.11,1785.83
2332,2021-05-21,,73.6007,,,66.44,1765.29
2333,2021-05-22,,73.5803,,,,
2334,2021-05-23,,,,,,
2335,2021-05-24,,,,,68.46,1777.4
2336,2021-05-25,,73.5266,,,68.65,1735.37
2337,2021-05-26,,73.3963,,,68.87,1759.48
2338,2021-05-27,,73.4737,,,69.46,1808.26
2339,2021-05-28,,73.458,,,68.72,1809.11
2340,2021-05-29,,73.587,,,,
2341,2021-05-30,,,,,,
2342,2021-05-31,,,,,69.32,
2343,2021-06-01,,73.2965,,103.3,70.25,1874.75
2344,2021-06-02,,73.2411,,,71.35,1859.37
2345,2021-06-03,,73.4979,,,71.31,1840.22
2346,2021-06-04,,73.2636,,,71.89,1855.1
2347,2021-06-05,,73.2721,,,,
2348,2021-06-06,,,,,,
2349,2021-06-07,,,,,71.49,1825.75
2350,2021-06-08,,72.9294,,,72.22,1838.4
2351,2021-06-09,,72.8256,,,72.06,1840.53
2352,2021-06-10,,72.0829,,,72.52,1839.43
2353,2021-06-11,,72.1974,,,72.69,1866.4
2354,2021-06-12,,71.6797,,,,
2355,2021-06-13,,,,,,
2356,2021-06-14,,,,,72.86,1827.9
2357,2021-06-15,5.5,,,,73.99,1812.56
2358,2021-06-16,,71.8318,,,74.39,1766.03
2359,2021-06-17,,72.0323,,,73.08,1699.31
2360,2021-06-18,,72.5048,,,73.51,1678.96
2361,2021-06-19,,72.2216,,,,
2362,2021-06-20,,,,,,
2363,2021-06-21,,,,,74.9,1722.57
2364,2021-06-22,,73.1987,,,74.81,1730.56
2365,2021-06-23,,73.1661,,,75.19,1743.59
2366,2021-06-24,,72.6671,,,75.56,1780.84
2367,2021-06-25,,72.326,,,76.18,1770.74
2368,2021-06-26,,72.1694,,,,
2369,2021-06-27,,,,,,
2370,2021-06-28,,,,,74.68,1750.09
2371,2021-06-29,,72.1777,,,74.76,1762.01
2372,2021-06-30,,72.3723,,,74.62,1766.28
2373,2021-07-01,,72.7234,33911.19251042313,102.3,75.84,1758.47
2374,2021-07-02,,72.9086,,,76.17,1771.06
2375,2021-07-03,,73.6175,,,,
2376,2021-07-04,,,,,,
2377,2021-07-05,,,,,77.16,
2378,2021-07-06,,73.354,,,74.53,1719.48
2379,2021-07-07,,73.266,,,73.43,1751.51
2380,2021-07-08,,74.058,,,74.12,1713.87
2381,2021-07-09,,75.1952,,,75.55,1784.16
2382,2021-07-10,,74.4675,,,,
2383,2021-07-11,,,,,,
2384,2021-07-12,,,,,75.16,1797.09
2385,2021-07-13,,74.6336,,,76.49,1774.22
2386,2021-07-14,,74.0589,,,74.76,1773.85
2387,2021-07-15,,74.1236,,,73.47,1778.0
2388,2021-07-16,,74.2197,,,73.59,1722.04
2389,2021-07-17,,74.1656,,,,
2390,2021-07-18,,,,,,
2391,2021-07-19,,,,,68.62,1672.98
2392,2021-07-20,,74.3463,,,69.35,1704.47
2393,2021-07-21,,74.491,,,72.23,1747.01
2394,2021-07-22,,74.4947,,,73.79,1742.73
2395,2021-07-23,,73.6945,,,74.1,1759.99
2396,2021-07-24,,73.7663,,,,
2397,2021-07-25,,,,,,
2398,2021-07-26,6.5,,,,74.5,1817.33
2399,2021-07-27,,74.098,,,74.48,1792.27
2400,2021-07-28,,73.8471,,,74.74,1830.92
2401,2021-07-29,,73.6088,,,76.05,1885.15
2402,2021-07-30,,73.1904,,,75.41,1845.76
2403,2021-07-31,,73.1388,,,,
2404,2021-08-01,,,,100.6,,
2405,2021-08-02,,,,,72.89,1828.65
2406,2021-08-03,,73.0156,,,72.41,1864.53
2407,2021-08-04,,72.8724,,,70.38,1839.64
2408,2021-08-05,,72.7857,,,71.29,1809.08
2409,2021-08-06,,73.168,,,70.7,1825.39
2410,2021-08-07,,73.1304,,,,
2411,2021-08-08,,,,,,
2412,2021-08-09,,,,,69.04,1839.84
2413,2021-08-10,,73.5078,,,70.63,1898.95
2414,2021-08-11,,73.5962,,,71.44,1920.57
2415,2021-08-12,,73.9695,,,71.31,1894.08
2416,2021-08-13,,73.5671,,,70.59,1891.94
2417,2021-08-14,,73.4721,,,,
2418,2021-08-15,,,,,,
2419,2021-08-16,,,,,69.51,1868.58
2420,2021-08-17,,73.392,,,69.03,1811.13
2421,2021-08-18,,73.4753,,,68.23,1790.02
2422,2021-08-19,,73.4633,,,66.45,1714.61
2423,2021-08-20,,74.1503,,,65.18,1709.09
2424,2021-08-21,,74.364,,,,
2425,2021-08-22,,,,,,
2426,2021-08-23,,,,,68.75,1730.71
2427,2021-08-24,,74.0666,,,71.05,1789.86
2428,2021-08-25,,73.9465,,,72.25,1784.55
2429,2021-08-26,,73.7428,,,71.07,1753.29
2430,2021-08-27,,73.9908,,,72.7,1804.47
2431,2021-08-28,,73.9866,,,,
2432,2021-08-29,,,,,,
2433,2021-08-30,,,,,73.41,1795.88
2434,2021-08-31,,73.5744,,,71.63,1767.99
2435,2021-09-01,,73.2781,,99.8,71.59,1772.35
2436,2021-09-02,,73.1912,,,73.03,1771.93
2437,2021-09-03,,72.8491,,,72.61,1767.89
2438,2021-09-04,,72.8545,,,,
2439,2021-09-05,,,,,,
2440,2021-09-06,,,,,72.22,
2441,2021-09-07,,72.9538,,,71.69,1764.33
2442,2021-09-08,,73.1909,,,72.6,1726.91
2443,2021-09-09,,73.4421,,,71.45,1729.08
2444,2021-09-10,,73.129,,,72.92,1722.98
2445,2021-09-11,,72.76,,,,
2446,2021-09-12,,,,,,
2447,2021-09-13,6.75,,,,73.51,1725.68
2448,2021-09-14,,73.0841,,,73.6,1689.47
2449,2021-09-15,,72.7171,,,75.46,1732.24
2450,2021-09-16,,72.852,,,75.67,1681.81
2451,2021-09-17,,72.4329,,,75.34,1615.36
2452,2021-09-18,,72.5602,,,,
2453,2021-09-19,,,,,,
2454,2021-09-20,,,,,73.92,1542.09
2455,2021-09-21,,73.3315,,,74.36,1536.38
2456,2021-09-22,,73.2067,,,76.19,1567.97
2457,2021-09-23,,72.8806,,,77.25,1568.51
2458,2021-09-24,,72.7245,,,78.09,1554.23
2459,2021-09-25,,73.0081,,,,
2460,2021-09-26,,,,,,
2461,2021-09-27,,,,,79.53,1580.91
2462,2021-09-28,,72.6613,,,79.09,1542.96
2463,2021-09-29,,72.5083,,,78.64,1533.5
2464,2021-09-30,,72.7608,,,78.31,1535.67
2465,2021-10-01,,72.6642,,100.2,79.28,1546.68
2466,2021-10-02,,72.9215,,,,
2467,2021-10-03,,,,,,
2468,2021-10-04,,,,,81.26,1533.63
2469,2021-10-05,,72.9239,,,82.56,1544.69
2470,2021-10-06,,72.5686,,,81.08,1520.67
2471,2021-10-07,,72.5682,,,81.95,1549.27
2472,2021-10-08,,72.2854,,,82.39,1551.94
2473,2021-10-09,,71.9882,,,,
2474,2021-10-10,,,,,,
2475,2021-10-11,,,,,83.65,1575.94
2476,2021-10-12,,71.6373,,,83.42,1581.28
2477,2021-10-13,,71.8801,,,83.18,1582.0
2478,2021-10-14,,71.8577,,,84.0,1604.26
2479,2021-10-15,,71.7846,,,84.86,1615.49
2480,2021-10-16,,71.2371,,,,
2481,2021-10-17,,,,,,
2482,2021-10-18,,,,,84.33,1616.12
2483,2021-10-19,,71.1714,,,85.08,1606.9
2484,2021-10-20,,70.9674,,,85.82,1600.69
2485,2021-10-21,,71.0555,,,84.61,1557.19
2486,2021-10-22,,70.9904,,,85.53,1569.8
2487,2021-10-23,,70.8623,,,,
2488,2021-10-24,,,,,,
2489,2021-10-25,7.5,,,,85.99,1624.67
2490,2021-10-26,,70.1345,,,86.4,1618.85
2491,2021-10-27,,69.5526,,,84.58,1567.7
2492,2021-10-28,,69.8104,,,84.32,1570.57
2493,2021-10-29,,70.5207,,,83.72,1567.89
2494,2021-10-30,,70.52,,,,
2495,2021-10-31,,,,,,
2496,2021-11-01,,,,101.1,84.71,1571.28
2497,2021-11-02,,71.0863,,,84.72,1543.68
2498,2021-11-03,,71.4783,,,81.99,1542.86
2499,2021-11-04,,71.4876,,,80.54,1535.93
2500,2021-11-05,,,,,82.74,1539.54
2501,2021-11-06,,,,,,
2502,2021-11-07,,,,,,
2503,2021-11-08,,,,,83.43,1579.48
2504,2021-11-09,,71.3975,,,84.78,1556.89
2505,2021-11-10,,71.2866,,,82.64,1519.5
2506,2021-11-11,,70.695,,,82.87,1576.9
2507,2021-11-12,,71.1964,,,82.17,1565.02
2508,2021-11-13,,71.8118,,,,
2509,2021-11-14,,,,,,
2510,2021-11-15,,,,,82.05,1537.88
2511,2021-11-16,,72.2724,,,82.43,1524.44
2512,2021-11-17,,72.5553,,,80.28,1495.78
2513,2021-11-18,,72.8228,,,81.24,1484.46
2514,2021-11-19,,72.6022,,,78.89,1490.06
2515,2021-11-20,,72.7617,,,,
2516,2021-11-21,,,,,,
2517,2021-11-22,,,,,79.7,1536.61
2518,2021-11-23,,73.4506,,,82.31,1555.19
2519,2021-11-24,,74.8327,,,82.25,1538.98
2520,2021-11-25,,74.3726,,,82.22,
2521,2021-11-26,,74.6004,,,72.72,1491.31
2522,2021-11-27,,75.5873,,,,
2523,2021-11-28,,,,,,
2524,2021-11-29,,,,,73.44,1473.64
2525,2021-11-30,,74.9818,,,69.23,1441.54
2526,2021-12-01,,74.8926,,100.7,68.87,1434.28
2527,2021-12-02,,73.9746,,,69.67,1489.35
2528,2021-12-03,,74.0637,,,69.88,1472.29
2529,2021-12-04,,73.7426,,,,
2530,2021-12-05,,,,,,
2531,2021-12-06,,,,,73.08,1501.65
2532,2021-12-07,,73.6694,,,75.44,1543.08
2533,2021-12-08,,74.1399,,,75.82,1546.36
2534,2021-12-09,,73.8453,,,74.42,1533.81
2535,2021-12-10,,73.5998,,,75.15,1531.27
2536,2021-12-11,,73.6059,,,,
2537,2021-12-12,,,,,,
2538,2021-12-13,,,,,74.39,1529.98
2539,2021-12-14,,73.4107,,,73.7,1547.36
2540,2021-12-15,,73.4698,,,73.88,1525.55
2541,2021-12-16,,73.851,,,75.02,1566.54
2542,2021-12-17,,73.5708,,,73.52,1564.52
2543,2021-12-18,,73.733,,,,
2544,2021-12-19,,,,,,
2545,2021-12-20,8.5,,,,71.52,1510.98
2546,2021-12-21,,74.2947,,,73.98,1546.7
2547,2021-12-22,,73.8206,,,75.29,1561.22
2548,2021-12-23,,73.7901,,,76.85,1559.84
2549,2021-12-24,,73.3583,,,76.14,
2550,2021-12-25,,73.1886,,,,
2551,2021-12-26,,,,,,
2552,2021-12-27,,,,,78.6,1581.27
2553,2021-12-28,,73.2329,,,78.94,1567.96
2554,2021-12-29,,73.4959,,,79.23,1567.14
2555,2021-12-30,,73.6514,,,79.53,1572.25
2556,2021-12-31,,74.2926,,,77.78,1580.2
2557,2022-01-01,,,,,,
2558,2022-01-02,,,,,,
2559,2022-01-03,,,,,78.98,1579.49
2560,2022-01-04,,,,,80.0,1603.73
2561,2022-01-05,,,,,80.8,1627.14
2562,2022-01-06,,,,,81.99,1624.79
2563,2022-01-07,,,,,81.75,1657.84
2564,2022-01-08,,,,,,
2565,2022-01-09,,,,,,
2566,2022-01-10,,,,,80.87,1638.34
2567,2022-01-11,,75.1315,,,83.92,1664.58
2568,2022-01-12,,74.8355,,,84.67,1713.27
2569,2022-01-13,,74.5277,,,84.47,1694.77
2570,2022-01-14,,74.5686,,,86.06,1690.97
2571,2022-01-15,,75.7668,,,,
2572,2022-01-16,,,,,,
2573,2022-01-17,,,,,86.48,
2574,2022-01-18,,76.0404,,,87.51,1659.47
2575,2022-01-19,,76.3347,,,88.44,1675.27
2576,2022-01-20,,76.8697,,,88.38,1633.22
2577,2022-01-21,,76.4408,,,87.89,1557.41
2578,2022-01-22,,76.6903,,,,
2579,2022-01-23,,,,,,
2580,2022-01-24,,,,,86.27,1554.23
2581,2022-01-25,,77.3649,,,88.2,1551.11
2582,2022-01-26,,78.6422,,,89.96,1547.79
2583,2022-01-27,,78.9437,,,89.34,1548.37
2584,2022-01-28,,78.947,,,90.03,1553.41
2585,2022-01-29,,77.8174,,,,
2586,2022-01-30,,,,,,
2587,2022-01-31,,,,,89.26,1554.14
2588,2022-02-01,,77.4702,,,89.16,1627.65
2589,2022-02-02,,77.1302,,,89.47,1649.32
2590,2022-02-03,,76.4849,,,91.11,1630.26
2591,2022-02-04,,76.6501,,,93.27,1640.58
2592,2022-02-05,,76.0509,,,,
2593,2022-02-06,,,,,,
2594,2022-02-07,,,,,92.69,1668.05
2595,2022-02-08,,75.6806,,,90.78,1708.86
2596,2022-02-09,,75.3042,,,91.55,1738.62
2597,2022-02-10,,74.8015,,,91.41,1739.29
2598,2022-02-11,,74.7241,,,94.44,1709.91
2599,2022-02-12,,74.9867,,,,
2600,2022-02-13,,,,,,
2601,2022-02-14,9.5,,,,96.48,1701.14
2602,2022-02-15,,76.5762,,,93.28,1720.67
2603,2022-02-16,,76.166,,,94.81,1729.9
2604,2022-02-17,,75.0141,,,92.97,1684.19
2605,2022-02-18,,75.7527,,,93.61,1687.24
2606,2022-02-19,,75.7619,,,,
2607,2022-02-20,,,,,,
2608,2022-02-21,,,,,95.39,
2609,2022-02-22,,76.7671,,,96.84,1684.44
2610,2022-02-23,,80.4194,,,96.84,1667.19
2611,2022-02-24,,,,,99.08,1655.24
2612,2022-02-25,,86.9288,,,97.93,1754.9
2613,2022-02-26,,83.5485,,,,
2614,2022-02-27,,,,,,
2615,2022-02-28,20.0,,,,97.97,1782.69
2616,2022-03-01,,93.5589,,,104.97,1797.75
2617,2022-03-02,,91.7457,,,112.93,1873.49
2618,2022-03-03,,103.2487,,,110.46,1907.94
2619,2022-03-04,,111.7564,,,118.11,1896.92
2620,2022-03-05,,105.8124,,,,
2621,2022-03-06,,,,,,
2622,2022-03-07,,,,,123.21,1867.29
2623,2022-03-08,,,,,127.98,1815.89
2624,2022-03-09,,,,,111.14,1830.73
2625,2022-03-10,,,,,109.33,1868.94
2626,2022-03-11,,,,,112.67,1842.49
2627,2022-03-12,,,,,,
2628,2022-03-13,,,,,,
2629,2022-03-14,,,,,106.9,1782.36
2630,2022-03-15,,,,,,
